id,categoryId,minAge,targetGender,averageRating
b04f19e9-fa28-4d15-97c2-5c1bb16b7581,f5593915-51c1-4da9-8fca-68ee614095ba,3,MALE,3.79
6d0979e5-3bf3-4c48-919d-8ca9adbbf681,95d534e8-2fb8-41d0-abc9-37c05d42f43c,7,MALE,2.98
b5566768-1a29-4a23-969d-4e784abe50a8,6c6def20-7e38-499c-b02b-0a8eec1d9dc0,13,MALE,3.15
108a6d36-cdef-408b-bc0e-0f01e01bbaeb,f5593915-51c1-4da9-8fca-68ee614095ba,13,FEMALE,3.35
98ed7c37-5b2e-42c9-9fdb-7c6d47c16b74,b66e0c1b-1937-4e6e-aee2-65b89da8da21,3,MALE,3.07
6339184b-6706-42b5-92b2-6fe33e6f2bde,b9aa36eb-28bf-4194-8067-a5acfe711d35,13,MALE,3.81
64ef0b9a-dbaf-4014-87e0-3ef3e6cc9ecb,6c6def20-7e38-499c-b02b-0a8eec1d9dc0,3,FEMALE,4.3
ef755e4a-d02f-419e-ab77-8df75f793129,f5593915-51c1-4da9-8fca-68ee614095ba,7,MALE,3.97
0f63fca9-0d45-4658-8ce9-5ec1db4e5f0f,27791a38-0fa3-4311-87c9-09e621f02677,13,FEMALE,2.92
4ad8169e-5dd0-40ed-9761-40b1835f6330,0f6dfd32-de57-4241-a71a-8ade7ca395f6,7,FEMALE,4.97
90608b43-ea90-4e5e-9ab9-0a42b31bd121,09d4be46-f2cd-497f-a34e-59037e71629a,13,MALE,4.78
fccdaa4f-819b-4bee-bbc0-503999e6ed29,95d534e8-2fb8-41d0-abc9-37c05d42f43c,7,MALE,3.46
e6a397da-9968-4785-8b15-47cdaa407b2b,6c6def20-7e38-499c-b02b-0a8eec1d9dc0,18,FEMALE,4.55
9e59b776-0115-42c0-9469-5f770251094a,27791a38-0fa3-4311-87c9-09e621f02677,7,FEMALE,2.84
b20b4de1-5adf-42e3-8670-c415cd5d1d49,09d4be46-f2cd-497f-a34e-59037e71629a,7,MALE,3.54
6fd643fe-f2ac-4141-bd11-addc656c0f19,27791a38-0fa3-4311-87c9-09e621f02677,13,FEMALE,4.1
ac2b4af0-dc71-4847-a3ce-4964e1560c77,27791a38-0fa3-4311-87c9-09e621f02677,7,FEMALE,4.81
ab34ef90-ca6c-4680-af7d-57165d81232b,e5d5782d-c340-4247-ad2a-2d4afd7416bc,7,MALE,4.57
77d72e26-dede-4064-8794-364ceb251b55,95d534e8-2fb8-41d0-abc9-37c05d42f43c,7,MALE,4.87
be6782a7-fd57-45eb-8414-2c9e6d204b5f,b9aa36eb-28bf-4194-8067-a5acfe711d35,13,MALE,3.32
ab9cf33e-2f1f-4fd0-8ef8-b5ebd5b4241a,09d4be46-f2cd-497f-a34e-59037e71629a,7,MALE,4.92
81f1d886-52fe-4ba8-a76f-117e8d7ace2d,b9aa36eb-28bf-4194-8067-a5acfe711d35,13,FEMALE,4.71
82b9b21c-4794-46b2-b482-b384e3ed01a6,09d4be46-f2cd-497f-a34e-59037e71629a,13,MALE,4.34
6e164539-1417-4680-b045-112281eba862,09d4be46-f2cd-497f-a34e-59037e71629a,3,MALE,4.94
13433f7f-8ef4-469f-8312-7b0fbd6dbdca,95d534e8-2fb8-41d0-abc9-37c05d42f43c,7,MALE,4.6
3fbfb14e-ddf3-41ea-8995-358b9f57d60b,95d534e8-2fb8-41d0-abc9-37c05d42f43c,7,FEMALE,4.11
60152afc-6c37-4f9a-afa8-20aeb861b4e8,0f6dfd32-de57-4241-a71a-8ade7ca395f6,13,MALE,3.59
b14e65a5-a23e-4132-aac1-3db6ad8aa85a,95d534e8-2fb8-41d0-abc9-37c05d42f43c,3,MALE,4.09
3ad879f5-c76c-46f5-8f41-436d2d4f7c36,0f6dfd32-de57-4241-a71a-8ade7ca395f6,17,FEMALE,4.76
5068d8ed-074b-48c4-b8f3-0a27481a5af6,b66e0c1b-1937-4e6e-aee2-65b89da8da21,13,MALE,3.95
fbe6ddd1-6bc4-4c48-9a2c-76a6e1f2ef6a,09d4be46-f2cd-497f-a34e-59037e71629a,3,MALE,3.65
46879c48-7632-4c01-acd2-620408284afc,e5d5782d-c340-4247-ad2a-2d4afd7416bc,3,MALE,4.11
e6701e12-2f0c-438e-b8ef-4e6d159077ef,e5d5782d-c340-4247-ad2a-2d4afd7416bc,7,MALE,4.87
6679889b-cd5a-437d-a553-4ade02a4eda8,b9aa36eb-28bf-4194-8067-a5acfe711d35,3,MALE,3.16
584bebf0-9e91-4d8b-b773-a20726ea9c16,f5593915-51c1-4da9-8fca-68ee614095ba,7,MALE,2.84
609fbb9d-ef03-460a-9144-80685f5db8c2,09d4be46-f2cd-497f-a34e-59037e71629a,7,MALE,3.36
20f4b704-c712-4a4e-b3c3-396ed3d914c6,b9aa36eb-28bf-4194-8067-a5acfe711d35,18,MALE,3.95
052ac530-2290-4862-bcda-3634eaa8abeb,27791a38-0fa3-4311-87c9-09e621f02677,3,MALE,4.15
91167f10-8fb4-46a1-a285-697bea28e122,27791a38-0fa3-4311-87c9-09e621f02677,13,FEMALE,4.23
add5b236-fb16-4d87-bc2c-587b4813a12d,b9aa36eb-28bf-4194-8067-a5acfe711d35,17,MALE,4.06
ac31cfc7-ac5a-46af-b9de-5407168585e0,b9aa36eb-28bf-4194-8067-a5acfe711d35,3,MALE,3.99
0c340dcb-dd7e-4a66-bc50-4a2e6009c5e3,b9aa36eb-28bf-4194-8067-a5acfe711d35,13,MALE,3.24
58ae009b-31d1-4719-9811-b768a212cc69,6c6def20-7e38-499c-b02b-0a8eec1d9dc0,3,MALE,4.6
904d1db4-6d1f-4ae2-b480-fd1b4f269884,95d534e8-2fb8-41d0-abc9-37c05d42f43c,13,MALE,2.54
9b1f8189-9ccf-48b3-afa6-9cdbe00eff5e,0f6dfd32-de57-4241-a71a-8ade7ca395f6,7,MALE,4.49
c63b611b-8a5c-49fb-97f9-bd407dea7147,f5593915-51c1-4da9-8fca-68ee614095ba,13,MALE,2.68
cfac00af-f635-46bc-b551-afb18c017873,b66e0c1b-1937-4e6e-aee2-65b89da8da21,7,FEMALE,4.12
12cb4a1d-6ffc-4571-bae4-162c9104bb8b,09d4be46-f2cd-497f-a34e-59037e71629a,7,MALE,3.35
4ebe7ac8-3339-4a05-923b-e3e0cf289a75,e5d5782d-c340-4247-ad2a-2d4afd7416bc,3,MALE,4.18
92471e2f-e6c4-4aad-8866-8b32083a82ec,f5593915-51c1-4da9-8fca-68ee614095ba,3,FEMALE,4.58
f3d4206a-63fe-4e1d-b794-20c11ff40753,f5593915-51c1-4da9-8fca-68ee614095ba,7,MALE,3.76
c6afcea7-852b-4190-8ce6-ed87773e754e,f5593915-51c1-4da9-8fca-68ee614095ba,17,MALE,4.21
a7f7f217-efd8-440f-86c3-0f0406c67dc1,95d534e8-2fb8-41d0-abc9-37c05d42f43c,7,MALE,4.4
798086e6-55b9-43b8-abc6-3419ac2ffa5f,f5593915-51c1-4da9-8fca-68ee614095ba,13,MALE,4.08
4e0992a1-658a-40fa-8e23-c57d258ca97f,09d4be46-f2cd-497f-a34e-59037e71629a,7,MALE,3.91
1bde7265-dde8-482f-80f7-b748cf110833,f5593915-51c1-4da9-8fca-68ee614095ba,3,MALE,4.64
ccc5a119-44bd-4381-8e6e-8e8795cd4942,27791a38-0fa3-4311-87c9-09e621f02677,17,MALE,4.55
5b48ba49-81a5-431d-9a2e-ef10939492f8,09d4be46-f2cd-497f-a34e-59037e71629a,7,MALE,4.45
91b6ccc8-fc31-48c1-9ce4-486e26e66dd1,e5d5782d-c340-4247-ad2a-2d4afd7416bc,7,MALE,3.68
15c9654c-ec59-403f-9613-6dc9fbc06ce3,f5593915-51c1-4da9-8fca-68ee614095ba,7,MALE,2.65
c849f870-5eeb-4648-8a20-14c4d70d6bf5,09d4be46-f2cd-497f-a34e-59037e71629a,13,MALE,2.61
a8d7a50e-6da6-454a-b4bb-db0a2a35f618,95d534e8-2fb8-41d0-abc9-37c05d42f43c,13,MALE,4.97
9b563410-c3d4-435f-9121-dcb8741b5abc,b66e0c1b-1937-4e6e-aee2-65b89da8da21,3,MALE,3.72
24072b30-7061-4194-ad82-fba185328aad,6c6def20-7e38-499c-b02b-0a8eec1d9dc0,13,MALE,4.49
0fd0df63-570d-4cad-b353-69e3cbacc6a3,6c6def20-7e38-499c-b02b-0a8eec1d9dc0,13,MALE,4.27
5932fc52-6073-4acd-9611-d6f6114de205,6c6def20-7e38-499c-b02b-0a8eec1d9dc0,7,MALE,3.88
2b9cd3f1-a116-43e1-9d60-a58401dc1527,95d534e8-2fb8-41d0-abc9-37c05d42f43c,3,MALE,2.84
b915d010-0612-43f7-bbc2-fce7e1e517fa,b9aa36eb-28bf-4194-8067-a5acfe711d35,3,MALE,2.51
ef70a828-c436-4c10-acbe-097b9deed453,0f6dfd32-de57-4241-a71a-8ade7ca395f6,13,MALE,2.92
d3d002e6-8c11-48c8-a522-2f6a3f4acd26,b9aa36eb-28bf-4194-8067-a5acfe711d35,3,MALE,4.97
cf87e5c6-e8cb-431f-9b87-f4e65f27e2b2,f5593915-51c1-4da9-8fca-68ee614095ba,3,FEMALE,3.66
19916214-078d-4986-a1d3-df0c1d454f80,b9aa36eb-28bf-4194-8067-a5acfe711d35,3,MALE,4.7
bd924400-7278-47a5-962c-e0e47a9fe836,b66e0c1b-1937-4e6e-aee2-65b89da8da21,3,FEMALE,4.98
5c680b6b-c873-481d-99ab-f54fcaef4e65,95d534e8-2fb8-41d0-abc9-37c05d42f43c,7,MALE,3.76
0f7eb3c1-d57f-4d44-9f7e-de4718f46030,09d4be46-f2cd-497f-a34e-59037e71629a,3,MALE,2.83
143a662e-0607-4bd5-945f-e60995ed6612,09d4be46-f2cd-497f-a34e-59037e71629a,7,MALE,3.56
a3469626-0679-42f8-8a86-5e270aa8aedb,6c6def20-7e38-499c-b02b-0a8eec1d9dc0,3,MALE,3.55
b24c4853-b115-4d23-bfe5-3ff2afa7b251,b66e0c1b-1937-4e6e-aee2-65b89da8da21,7,FEMALE,4.7
c1a5992f-dd8d-4279-aee3-2c07b4fc2459,95d534e8-2fb8-41d0-abc9-37c05d42f43c,3,MALE,2.93
2ed2144a-1a1a-491c-945e-bcbe9598dd93,b9aa36eb-28bf-4194-8067-a5acfe711d35,7,FEMALE,3.65
2032c25b-54a8-42de-91ee-ee75a1d340e0,e5d5782d-c340-4247-ad2a-2d4afd7416bc,3,MALE,3.16
15f6a017-5141-48ec-880c-3a008523ceac,0f6dfd32-de57-4241-a71a-8ade7ca395f6,17,MALE,3.34
c17d993f-a31a-486e-8482-b5aa1f2506d8,0f6dfd32-de57-4241-a71a-8ade7ca395f6,13,FEMALE,3.6
e5c0aff7-4fd7-4043-822d-79121fb14b5f,b9aa36eb-28bf-4194-8067-a5acfe711d35,13,MALE,3.6
91dc6a3d-5bd7-4986-889a-3b4d82e8f546,0f6dfd32-de57-4241-a71a-8ade7ca395f6,7,FEMALE,4.38
3b6c7320-4003-4bc6-8fae-354285cf29f3,95d534e8-2fb8-41d0-abc9-37c05d42f43c,13,MALE,4.1
bf700e3d-ddd3-4f82-866a-e4ddad3db59e,27791a38-0fa3-4311-87c9-09e621f02677,3,FEMALE,4.36
056d22fe-ae46-4c66-aceb-5395229fdfbf,b9aa36eb-28bf-4194-8067-a5acfe711d35,13,MALE,4.9
2857aacf-fa4c-4e8a-a86c-a4d524e688e9,f5593915-51c1-4da9-8fca-68ee614095ba,3,FEMALE,2.93
09a02d8f-2766-4f82-bdd9-91074426de5c,f5593915-51c1-4da9-8fca-68ee614095ba,7,MALE,3.42
b04fa6cf-5e3f-472c-a23d-8b4d1709750c,09d4be46-f2cd-497f-a34e-59037e71629a,7,MALE,2.78
d1ef2f00-1a34-4386-be22-cbe5c08b6d2a,e5d5782d-c340-4247-ad2a-2d4afd7416bc,7,MALE,4.32
ec9d30a6-4523-41dc-8a22-f34fc9205b22,09d4be46-f2cd-497f-a34e-59037e71629a,13,MALE,4.75
fa5c3575-cc57-4e40-bf36-e35c335deb1b,6c6def20-7e38-499c-b02b-0a8eec1d9dc0,3,MALE,4.03
c57766d9-c4a5-432e-8b54-209395861656,95d534e8-2fb8-41d0-abc9-37c05d42f43c,7,FEMALE,2.59
cc24c9c9-d1be-47d6-9b28-cbd20df7c75d,0f6dfd32-de57-4241-a71a-8ade7ca395f6,13,MALE,3.99
f2ec56ca-1a8a-45a3-aae3-3d4f3a0b5fd1,6c6def20-7e38-499c-b02b-0a8eec1d9dc0,3,MALE,3.24
cc962701-a307-4f4b-8617-41a3927c5c9a,0f6dfd32-de57-4241-a71a-8ade7ca395f6,3,MALE,4.71
49a772db-6d5b-43f5-9f0f-bc51df3880c1,09d4be46-f2cd-497f-a34e-59037e71629a,7,MALE,4.09
a2e6eae4-e546-449d-b19e-ec810558a815,b66e0c1b-1937-4e6e-aee2-65b89da8da21,13,FEMALE,4.52
fa9cc194-5ea3-4565-803c-3fd3d869b03b,f5593915-51c1-4da9-8fca-68ee614095ba,18,MALE,2.83
753b3ce2-6920-412b-b93f-1640e506bb98,09d4be46-f2cd-497f-a34e-59037e71629a,3,MALE,2.71
ce352c93-9ef1-4a8a-a23e-29e2f1b1815e,b9aa36eb-28bf-4194-8067-a5acfe711d35,3,MALE,4.67
6c05aa80-ca1c-4bc4-8ea8-0463133df62c,27791a38-0fa3-4311-87c9-09e621f02677,17,FEMALE,3.15
f388c39d-8371-4467-bc5e-07612010205e,95d534e8-2fb8-41d0-abc9-37c05d42f43c,13,FEMALE,4.56
a467a2ec-2347-4052-b8b4-4f4f78502058,e5d5782d-c340-4247-ad2a-2d4afd7416bc,17,MALE,4.89
acb013b0-6ddd-425d-a757-ac4c8fc8f5cd,0f6dfd32-de57-4241-a71a-8ade7ca395f6,13,FEMALE,3.74
81ddbc60-012a-45a1-b1d4-bd0bde58eaa8,27791a38-0fa3-4311-87c9-09e621f02677,13,FEMALE,4.5
c5397230-1f5f-4372-8fbc-f5c0657ec18d,e5d5782d-c340-4247-ad2a-2d4afd7416bc,7,MALE,4.79
7f8be3af-c430-4d98-b30c-01933105f53b,09d4be46-f2cd-497f-a34e-59037e71629a,13,MALE,3.1
51f454aa-f5a4-4c1e-9f67-cc93e3b60a60,f5593915-51c1-4da9-8fca-68ee614095ba,13,MALE,3.49
d7ec6abc-b0a0-406b-a976-82c4f9049988,e5d5782d-c340-4247-ad2a-2d4afd7416bc,17,MALE,4.84
bbe41277-2502-410e-b362-39c437b4df70,0f6dfd32-de57-4241-a71a-8ade7ca395f6,7,MALE,3.95
ef1e0bac-1d43-4ce6-8d00-7ec5190f64b2,b9aa36eb-28bf-4194-8067-a5acfe711d35,7,MALE,3.93
18eb266c-0399-4f42-9068-a78e35a8fe99,95d534e8-2fb8-41d0-abc9-37c05d42f43c,13,MALE,4.15
47cf6c46-0583-4edd-8ba9-0c5477e6b4c9,09d4be46-f2cd-497f-a34e-59037e71629a,3,MALE,4.79
a1fcc055-a230-484b-86c8-b6cb0232393c,27791a38-0fa3-4311-87c9-09e621f02677,13,FEMALE,3.86
530cca6c-96a8-4a2e-956f-d26760e210d1,b9aa36eb-28bf-4194-8067-a5acfe711d35,7,MALE,3.23
044cdf41-7aa0-49d7-91a1-a53a80a7eec9,f5593915-51c1-4da9-8fca-68ee614095ba,7,MALE,3.75
04179a00-0f81-4f4f-8581-9d269a81deeb,b9aa36eb-28bf-4194-8067-a5acfe711d35,3,MALE,3.71
32066f37-76c7-486a-a32c-4163afaa5d37,0f6dfd32-de57-4241-a71a-8ade7ca395f6,7,FEMALE,4.22
f7158f40-cdcd-4e6c-a7a5-af15cf862c6d,95d534e8-2fb8-41d0-abc9-37c05d42f43c,3,MALE,3.04
7dfd02e9-c9b7-468a-b4bf-adcd2e891b37,0f6dfd32-de57-4241-a71a-8ade7ca395f6,13,FEMALE,2.84
79fd91d0-23d6-4bc6-9ff0-ec60ea9c9896,f5593915-51c1-4da9-8fca-68ee614095ba,13,MALE,4.09
c50d420a-5b3d-4c02-8c85-98d339958ebf,b66e0c1b-1937-4e6e-aee2-65b89da8da21,18,FEMALE,3.22
9080fc2d-dae5-433d-96a5-de5dae014e40,b9aa36eb-28bf-4194-8067-a5acfe711d35,7,MALE,3.77
5580a545-f65d-4ad4-94f6-70c129b7ee37,27791a38-0fa3-4311-87c9-09e621f02677,13,FEMALE,4.54
8e72cb36-979f-4f3d-894f-11c54bfb508e,95d534e8-2fb8-41d0-abc9-37c05d42f43c,13,MALE,3.14
a04e72a0-8b7d-4404-bb82-40b35a58c9c2,27791a38-0fa3-4311-87c9-09e621f02677,13,FEMALE,2.97
260a9157-e877-4905-9fd6-7c5a1aa75216,f5593915-51c1-4da9-8fca-68ee614095ba,13,MALE,2.6
2eba8662-2a1b-45bd-9f95-9d53b5987a9d,27791a38-0fa3-4311-87c9-09e621f02677,7,FEMALE,4.7
72bf80d0-662f-4200-a700-1de75b6469f3,6c6def20-7e38-499c-b02b-0a8eec1d9dc0,13,MALE,4.91
8ecc2566-f4e2-4ea5-82b7-4b56a121f520,0f6dfd32-de57-4241-a71a-8ade7ca395f6,3,MALE,3.72
cb983a2b-3097-4692-8861-de8107245e10,95d534e8-2fb8-41d0-abc9-37c05d42f43c,17,MALE,3.88
b601b1f4-4b62-4050-92f6-a626765f42ce,f5593915-51c1-4da9-8fca-68ee614095ba,13,FEMALE,4.55
05974a33-8192-407b-b94f-7b56067cd6c4,b9aa36eb-28bf-4194-8067-a5acfe711d35,3,MALE,3.61
6f4fbda7-03d6-44d9-9f0b-20cd59b24a24,27791a38-0fa3-4311-87c9-09e621f02677,17,FEMALE,3.08
caa02493-b6ce-44d0-b5aa-af466d82c7cf,95d534e8-2fb8-41d0-abc9-37c05d42f43c,7,MALE,3.8
f14d59ac-bfc6-4e41-b0a5-1c4f26b22dde,27791a38-0fa3-4311-87c9-09e621f02677,3,FEMALE,4.25
483144f9-89b5-4c1d-a03e-2027840d598b,b9aa36eb-28bf-4194-8067-a5acfe711d35,18,MALE,3.37
709eb829-e172-42c4-9013-389e201875e4,b9aa36eb-28bf-4194-8067-a5acfe711d35,18,FEMALE,4.75
7ec8355d-2bf6-4c66-9325-253caea38f26,09d4be46-f2cd-497f-a34e-59037e71629a,7,MALE,4.39
6d8dfef0-939a-46f4-8d43-9d7677ad1df2,27791a38-0fa3-4311-87c9-09e621f02677,7,FEMALE,3.29
0990e36d-33f9-4c2d-bb4f-2695f68dd59b,0f6dfd32-de57-4241-a71a-8ade7ca395f6,13,MALE,3.12
58f0f0e5-bb76-432a-a43e-01232f55e1c8,b66e0c1b-1937-4e6e-aee2-65b89da8da21,13,FEMALE,3.85
137f4dc3-e46e-47f2-9ef1-0f211d6913e2,27791a38-0fa3-4311-87c9-09e621f02677,7,MALE,3.84
0a90c012-7188-4af4-a466-5f6c2e379901,e5d5782d-c340-4247-ad2a-2d4afd7416bc,7,FEMALE,3.96
280ca7fe-af84-4cd1-b429-622626b17c9a,b9aa36eb-28bf-4194-8067-a5acfe711d35,13,MALE,4.8
a969cb78-31cf-46ec-ace1-235e07de2823,09d4be46-f2cd-497f-a34e-59037e71629a,13,MALE,3.52
4e0e57b4-cc69-4076-9dcf-fd2ab493659b,e5d5782d-c340-4247-ad2a-2d4afd7416bc,13,MALE,3.48
01f6ba53-7c5e-42cb-a050-7625fd316b21,e5d5782d-c340-4247-ad2a-2d4afd7416bc,7,MALE,3.14
4cb52405-1f79-4a53-b489-be08b57c896c,09d4be46-f2cd-497f-a34e-59037e71629a,7,MALE,4.3
e54513d3-ffc7-421e-9041-38166cd664a8,b9aa36eb-28bf-4194-8067-a5acfe711d35,13,MALE,4.24
bbbf40e0-bf93-422f-a17e-9e2c0cda89a5,0f6dfd32-de57-4241-a71a-8ade7ca395f6,3,FEMALE,3.43
fde87d56-cc99-45c3-88f6-d10a5278d808,f5593915-51c1-4da9-8fca-68ee614095ba,17,FEMALE,3.41
51d4bb6f-dad7-4bc3-a659-6551bf8a737c,95d534e8-2fb8-41d0-abc9-37c05d42f43c,17,MALE,2.97
686aea99-d6c7-46f8-854c-38b0c94f7ebe,09d4be46-f2cd-497f-a34e-59037e71629a,7,MALE,3.69
f892c414-7cb0-486b-9f89-1a2adc9be020,6c6def20-7e38-499c-b02b-0a8eec1d9dc0,7,FEMALE,4.44
e3e81ebb-11ca-4c60-89ef-d0f28c247701,b66e0c1b-1937-4e6e-aee2-65b89da8da21,7,MALE,4.38
36a704dc-9e3e-4ffd-ab6c-cec6122e024b,b66e0c1b-1937-4e6e-aee2-65b89da8da21,7,FEMALE,3.42
781ce648-0860-4647-8d30-702138dff38f,b9aa36eb-28bf-4194-8067-a5acfe711d35,7,MALE,4.35
fba881d0-5f57-4665-a0fc-94352197b8dc,27791a38-0fa3-4311-87c9-09e621f02677,7,MALE,3.9
55bb6daa-ff25-4e15-9060-a6bd22ac6e57,b66e0c1b-1937-4e6e-aee2-65b89da8da21,3,FEMALE,2.93
a58b386d-13e9-4464-9b8c-90965f5cda84,b66e0c1b-1937-4e6e-aee2-65b89da8da21,13,FEMALE,3.58
f50d0a92-7ebf-47ef-91e3-247f3b28bfef,b66e0c1b-1937-4e6e-aee2-65b89da8da21,13,FEMALE,4.88
3eb4e099-ec5b-4549-bd5c-78cf37419947,09d4be46-f2cd-497f-a34e-59037e71629a,3,MALE,3.01
6ea351a8-2bc7-4bd5-a32c-ffa0750c10d2,09d4be46-f2cd-497f-a34e-59037e71629a,3,MALE,2.7
c9bd4aec-9a0d-43ac-a051-74ca4891c2f6,b66e0c1b-1937-4e6e-aee2-65b89da8da21,3,FEMALE,2.9
847d9459-0e12-4a11-88ce-b01d3ddba112,95d534e8-2fb8-41d0-abc9-37c05d42f43c,3,FEMALE,3.47
7b5aa221-2bc8-4c42-9151-f42a46cb04a6,f5593915-51c1-4da9-8fca-68ee614095ba,7,FEMALE,3.37
8273729f-a628-4ec8-ad1b-60d0629e6f93,6c6def20-7e38-499c-b02b-0a8eec1d9dc0,7,FEMALE,4.11
c2fcf989-44c1-46fe-ae2b-9999bce2a0d8,95d534e8-2fb8-41d0-abc9-37c05d42f43c,3,MALE,3.11
5d2c2ecb-8c15-4ea3-84a4-74abc4d799bd,6c6def20-7e38-499c-b02b-0a8eec1d9dc0,3,FEMALE,3.7
cac409ad-9450-4bc7-975b-a8654dbf688d,95d534e8-2fb8-41d0-abc9-37c05d42f43c,3,MALE,4.28
e2fdf0c7-2db6-4dfd-bf94-5eff9a0082b7,f5593915-51c1-4da9-8fca-68ee614095ba,17,MALE,2.79
4b6d9377-6e12-4aa7-9a00-f0562906f29d,0f6dfd32-de57-4241-a71a-8ade7ca395f6,3,FEMALE,4.48
7b3a0064-4df8-4941-893d-2c5d4f748a61,b9aa36eb-28bf-4194-8067-a5acfe711d35,3,MALE,2.67
f2cf008a-cc33-4ff3-8e42-1f60f8fea5ec,f5593915-51c1-4da9-8fca-68ee614095ba,18,MALE,3.29
3d0fa1f4-bbc1-456c-9db2-08a946df9a5d,0f6dfd32-de57-4241-a71a-8ade7ca395f6,7,MALE,3.73
f7f9efbe-3d6e-4b05-a131-d35c7047a1d7,95d534e8-2fb8-41d0-abc9-37c05d42f43c,7,MALE,2.51
a250a461-7679-4afd-93bc-bfa82782cdb3,0f6dfd32-de57-4241-a71a-8ade7ca395f6,7,FEMALE,3.08
9ee9544c-ef95-4f47-85bc-94668a213ea4,95d534e8-2fb8-41d0-abc9-37c05d42f43c,3,FEMALE,4.26
4078968f-2a66-4f4e-9a6f-b756d4bf8948,b9aa36eb-28bf-4194-8067-a5acfe711d35,7,MALE,4.38
f604fba2-a88f-4383-a9bc-4938a166c113,09d4be46-f2cd-497f-a34e-59037e71629a,7,MALE,4.83
998fa6c1-e664-4c5f-927e-121ad9b5c16e,e5d5782d-c340-4247-ad2a-2d4afd7416bc,17,MALE,4.66
926b2a99-5d26-419c-a33e-cccd88f431dc,95d534e8-2fb8-41d0-abc9-37c05d42f43c,7,FEMALE,2.9
4008f02b-3595-4a81-984b-e28e715774c6,b9aa36eb-28bf-4194-8067-a5acfe711d35,7,MALE,4.97
9b322ba8-0682-47c7-9752-28da11bb261a,09d4be46-f2cd-497f-a34e-59037e71629a,13,MALE,3.18
bec56c43-0e33-47e4-8528-fbc848befa37,09d4be46-f2cd-497f-a34e-59037e71629a,3,MALE,2.73
816d3f70-169e-4d8c-baf0-32009de3c604,6c6def20-7e38-499c-b02b-0a8eec1d9dc0,13,MALE,3.06
78e203b7-5a4f-4b51-be21-5b06c4ff0f03,b9aa36eb-28bf-4194-8067-a5acfe711d35,7,MALE,2.51
1433bc4d-9d26-4e66-a60f-3f2e1f5c62bb,27791a38-0fa3-4311-87c9-09e621f02677,13,MALE,4.93
da6d4d10-507b-46bc-a6e0-1b8e55e0cea0,09d4be46-f2cd-497f-a34e-59037e71629a,3,MALE,4.76
c917e28e-83eb-4d07-8f53-0a6f93a2ee13,27791a38-0fa3-4311-87c9-09e621f02677,17,FEMALE,2.63
552a95f8-003c-4f0d-8c4a-f30fa185b7b9,b9aa36eb-28bf-4194-8067-a5acfe711d35,13,FEMALE,4.58
dff1622a-6230-44a6-b592-fb3e9ccacaaa,b66e0c1b-1937-4e6e-aee2-65b89da8da21,13,FEMALE,3.28
d82910a0-9ce1-4c42-a6a1-540c016f806b,09d4be46-f2cd-497f-a34e-59037e71629a,7,MALE,2.89
f956590a-d4ae-46f5-9728-2258d8ec0183,0f6dfd32-de57-4241-a71a-8ade7ca395f6,3,FEMALE,4.73
266ae700-7c04-4a35-8688-71067ed31e4c,09d4be46-f2cd-497f-a34e-59037e71629a,3,MALE,4.16
40076043-d330-435a-a8d3-95c3a46a300e,95d534e8-2fb8-41d0-abc9-37c05d42f43c,13,MALE,4.72
710ccbbd-c89b-4bc6-9420-a044d15d763f,e5d5782d-c340-4247-ad2a-2d4afd7416bc,3,MALE,3.99
89e21b09-f56d-45ec-8ecb-cc4928b35dd3,6c6def20-7e38-499c-b02b-0a8eec1d9dc0,13,FEMALE,4.93
defb5884-a56e-4baa-abde-a086a304588a,0f6dfd32-de57-4241-a71a-8ade7ca395f6,3,MALE,4.57
2a36ed09-1d70-4a75-942c-ad436f867d85,6c6def20-7e38-499c-b02b-0a8eec1d9dc0,3,FEMALE,4.56
0100441e-3f50-4801-a685-bad681579acd,f5593915-51c1-4da9-8fca-68ee614095ba,3,MALE,3.8
1370a497-907f-43d7-9d3c-e49b9139b6e3,f5593915-51c1-4da9-8fca-68ee614095ba,7,MALE,3.58
cb14ff81-2ba5-4c09-9bb1-fe77f8be1c8a,95d534e8-2fb8-41d0-abc9-37c05d42f43c,17,MALE,2.78
75305995-2104-496c-a710-074a01a93748,b66e0c1b-1937-4e6e-aee2-65b89da8da21,13,FEMALE,4.92
735b5bad-8daa-4ab9-9f14-37956e6ab747,6c6def20-7e38-499c-b02b-0a8eec1d9dc0,13,FEMALE,3.78
0df0652b-4898-40c4-8373-f5a4de7e2629,27791a38-0fa3-4311-87c9-09e621f02677,3,FEMALE,3.92
d67898be-3fce-4dce-bf3a-30a7547dcca7,95d534e8-2fb8-41d0-abc9-37c05d42f43c,17,FEMALE,3.31
cb5bd985-5d29-45a0-8877-2ddd6c88bef5,95d534e8-2fb8-41d0-abc9-37c05d42f43c,13,MALE,4.04
96046e61-f87d-4475-a1fa-02c9809ad139,09d4be46-f2cd-497f-a34e-59037e71629a,7,MALE,5.0
02fd9bc3-778d-4991-bd7e-75fa06610d74,09d4be46-f2cd-497f-a34e-59037e71629a,7,MALE,4.31
73204f13-34b4-45c0-bd47-541f2a01a32e,e5d5782d-c340-4247-ad2a-2d4afd7416bc,17,MALE,2.53
34a043b9-42e1-482a-a541-7b2d11e6ce62,0f6dfd32-de57-4241-a71a-8ade7ca395f6,3,FEMALE,2.58
12ddcc3e-23dc-44b5-8342-60187680621a,27791a38-0fa3-4311-87c9-09e621f02677,13,FEMALE,2.99
d2e35a5c-18de-4e4c-9051-220f104734bb,95d534e8-2fb8-41d0-abc9-37c05d42f43c,7,MALE,3.8
91835050-bab3-41dd-ab2d-c3f98e3dbf47,b66e0c1b-1937-4e6e-aee2-65b89da8da21,3,FEMALE,4.19
a2682520-9385-4564-9373-9fbc5ad5bdb5,b66e0c1b-1937-4e6e-aee2-65b89da8da21,7,FEMALE,3.17
3e651838-5aee-46b1-9cc3-f91e430be13c,b66e0c1b-1937-4e6e-aee2-65b89da8da21,7,FEMALE,4.3
31cccb82-aed9-4fd1-a969-acbd6343ce1d,b9aa36eb-28bf-4194-8067-a5acfe711d35,3,MALE,2.53
81580bef-647c-499c-8800-5ebd79067c48,b9aa36eb-28bf-4194-8067-a5acfe711d35,3,MALE,4.98
6aff01bf-48af-4c17-95a8-96c77e8d1e12,0f6dfd32-de57-4241-a71a-8ade7ca395f6,3,FEMALE,2.7
06d4942a-c16e-4495-95f6-37abd8982913,27791a38-0fa3-4311-87c9-09e621f02677,3,MALE,2.84
bcc644ec-0bec-4b54-ab2f-03cca4588400,b66e0c1b-1937-4e6e-aee2-65b89da8da21,13,FEMALE,4.68
d6d3d23d-2da1-43e3-b058-fc50c7ec4653,f5593915-51c1-4da9-8fca-68ee614095ba,13,MALE,3.28
1f7f5cfa-ca40-44d4-ab36-b17a1624c8e8,b66e0c1b-1937-4e6e-aee2-65b89da8da21,13,FEMALE,3.04
11bc3129-05f7-4fab-81d0-4025229bea36,27791a38-0fa3-4311-87c9-09e621f02677,7,MALE,3.13
5a807893-b9a1-4663-bb5f-6b44d89ce097,f5593915-51c1-4da9-8fca-68ee614095ba,13,MALE,3.54
35b945a7-871b-4788-af70-4bc191bfa770,b9aa36eb-28bf-4194-8067-a5acfe711d35,3,MALE,3.99
ba0be4fd-4c2b-42b3-8207-827879c38f8d,0f6dfd32-de57-4241-a71a-8ade7ca395f6,13,FEMALE,3.23
cfa76515-793f-4312-88a4-72284b7cad8f,f5593915-51c1-4da9-8fca-68ee614095ba,13,MALE,4.5
dde7429d-abf7-4a85-8b24-fff17a64a559,6c6def20-7e38-499c-b02b-0a8eec1d9dc0,18,MALE,4.86
39bc4638-8eee-4283-b5c1-001ccc81b691,f5593915-51c1-4da9-8fca-68ee614095ba,3,MALE,3.59
51c09e0d-bbe5-4d6c-8bfa-f14306e58a46,27791a38-0fa3-4311-87c9-09e621f02677,13,MALE,3.18
aac6bcd5-829e-449a-a752-f9237102f8d2,e5d5782d-c340-4247-ad2a-2d4afd7416bc,7,MALE,3.94
70a86e64-fb39-4593-a8fe-676af19bc9ed,0f6dfd32-de57-4241-a71a-8ade7ca395f6,3,FEMALE,3.18
330808e4-0af0-43f0-a581-971477022730,b66e0c1b-1937-4e6e-aee2-65b89da8da21,18,FEMALE,3.56
061e18fb-e635-42cb-b9d9-8678ec74508f,0f6dfd32-de57-4241-a71a-8ade7ca395f6,13,FEMALE,3.43
9b5fe7ae-24b0-4784-8ac4-a6f4b9e23376,95d534e8-2fb8-41d0-abc9-37c05d42f43c,3,FEMALE,2.9
b85cc8bb-cd36-48d9-b03c-201c64e02d80,6c6def20-7e38-499c-b02b-0a8eec1d9dc0,3,MALE,3.01
efec1464-bf96-48f2-ae4f-b5554e77cd57,f5593915-51c1-4da9-8fca-68ee614095ba,7,MALE,4.51
b29ba4aa-04eb-4aa1-978d-e28c34ac07e7,95d534e8-2fb8-41d0-abc9-37c05d42f43c,7,MALE,2.61
454f8292-048a-49a0-9e80-3b8cf542f118,09d4be46-f2cd-497f-a34e-59037e71629a,7,MALE,4.04
8b87c13d-74d5-43ce-888e-56da6663c5a9,b9aa36eb-28bf-4194-8067-a5acfe711d35,7,MALE,4.94
2e9bfe73-98cc-49c9-9c22-e5d41286c7d2,6c6def20-7e38-499c-b02b-0a8eec1d9dc0,3,FEMALE,4.3
962da647-e082-44c7-8455-763f6213beda,f5593915-51c1-4da9-8fca-68ee614095ba,7,MALE,3.7
35180e87-8c61-48a5-9cfd-76a49b8d2ade,f5593915-51c1-4da9-8fca-68ee614095ba,13,MALE,3.01
446d28cb-e8e5-42d0-8a43-fb2f0fe173e0,95d534e8-2fb8-41d0-abc9-37c05d42f43c,7,MALE,3.09
7f70dca4-25dc-47f8-9b1f-c73e824a6ef4,27791a38-0fa3-4311-87c9-09e621f02677,17,FEMALE,4.8
10d96517-8846-4e59-8230-082bb004f4c8,b66e0c1b-1937-4e6e-aee2-65b89da8da21,3,FEMALE,4.96
9bc6d6c0-ec0d-43f7-b7ea-2d8d1a00395f,27791a38-0fa3-4311-87c9-09e621f02677,3,FEMALE,3.39
a654e0b1-4340-43a4-92e6-33450db6282f,09d4be46-f2cd-497f-a34e-59037e71629a,3,MALE,4.5
c2c94878-a99d-443e-bb2b-a44e3ea8358c,e5d5782d-c340-4247-ad2a-2d4afd7416bc,7,MALE,3.37
0617cc79-1335-4e7f-b93d-f8f477a26484,b9aa36eb-28bf-4194-8067-a5acfe711d35,13,MALE,3.6
7c663b81-e7d3-47ce-abc9-7a33741ab7bb,f5593915-51c1-4da9-8fca-68ee614095ba,3,MALE,2.88
7069ab25-ea0e-4583-9284-e085463740c9,e5d5782d-c340-4247-ad2a-2d4afd7416bc,13,MALE,3.86
9f79e01f-1e43-4504-91b0-9d02916b0663,e5d5782d-c340-4247-ad2a-2d4afd7416bc,7,FEMALE,4.79
73bfefa1-950a-4fa6-837a-e213b098f2cb,6c6def20-7e38-499c-b02b-0a8eec1d9dc0,18,FEMALE,4.51
82a537ad-5376-4e3c-886f-802b6a06e3d0,b9aa36eb-28bf-4194-8067-a5acfe711d35,7,MALE,2.76
11256938-da56-4901-b718-fce312a7c705,0f6dfd32-de57-4241-a71a-8ade7ca395f6,7,MALE,4.71
1ea887b4-e647-4a95-8893-be6177374276,e5d5782d-c340-4247-ad2a-2d4afd7416bc,3,MALE,3.26
c859efe8-e521-499d-9072-053935943f63,f5593915-51c1-4da9-8fca-68ee614095ba,7,FEMALE,3.46
7fe5a70b-999c-47bb-9406-898dccf6a1e0,0f6dfd32-de57-4241-a71a-8ade7ca395f6,3,FEMALE,3.82
8f06726f-1b73-4af9-a87c-68ba3302f301,b9aa36eb-28bf-4194-8067-a5acfe711d35,17,MALE,3.22
933e8d8e-bc10-4fd4-a3f5-ee153875047c,6c6def20-7e38-499c-b02b-0a8eec1d9dc0,7,FEMALE,3.06
79c6b554-3853-4495-812e-f86921d05765,0f6dfd32-de57-4241-a71a-8ade7ca395f6,3,MALE,3.04
99282ea0-c181-4f5f-92da-4401df7de12a,f5593915-51c1-4da9-8fca-68ee614095ba,3,MALE,4.05
85e2fb04-46d9-4eae-8583-058098f72b0c,e5d5782d-c340-4247-ad2a-2d4afd7416bc,3,FEMALE,4.34
566f9ec3-295c-4a2d-988d-c11275a83f93,f5593915-51c1-4da9-8fca-68ee614095ba,18,MALE,2.73
59f885b2-d2bd-4ecf-8d02-fc2733ba556e,b66e0c1b-1937-4e6e-aee2-65b89da8da21,13,MALE,3.02
ecf1a3b8-3dd8-44c7-aadf-6cd49e6b939d,09d4be46-f2cd-497f-a34e-59037e71629a,7,MALE,3.52
ce951b81-86e3-4895-9d9c-4a89fcebeed7,09d4be46-f2cd-497f-a34e-59037e71629a,7,MALE,4.25
85056047-3c21-4ce5-bc09-98db7c7a44f6,b66e0c1b-1937-4e6e-aee2-65b89da8da21,17,FEMALE,4.61
f6352723-6243-4418-b8ae-b2ecacf0b2da,6c6def20-7e38-499c-b02b-0a8eec1d9dc0,7,FEMALE,2.59
a36b9141-6733-4814-b719-47954c934617,f5593915-51c1-4da9-8fca-68ee614095ba,7,MALE,3.4
f8304275-6674-4f77-ad0e-0944e3b53fd9,09d4be46-f2cd-497f-a34e-59037e71629a,7,MALE,5.0
80f92db1-5877-436f-a56b-2e15dc63adfa,27791a38-0fa3-4311-87c9-09e621f02677,7,MALE,3.34
3c4b6d28-9564-40ad-ac1a-67cefd255e48,f5593915-51c1-4da9-8fca-68ee614095ba,17,MALE,4.94
da830cab-d1bd-4580-9652-83f5febf4a97,09d4be46-f2cd-497f-a34e-59037e71629a,7,MALE,2.98
be22c694-483d-40fb-a043-f0740c04c16c,09d4be46-f2cd-497f-a34e-59037e71629a,17,MALE,4.02
d223960f-b033-4564-a760-19867977ac6e,0f6dfd32-de57-4241-a71a-8ade7ca395f6,3,FEMALE,3.31
1b69d28c-cd88-43b4-97a1-a995bdcdacc3,b66e0c1b-1937-4e6e-aee2-65b89da8da21,7,FEMALE,4.85
d69f586b-4cea-4268-ac01-3cbeff5c63eb,27791a38-0fa3-4311-87c9-09e621f02677,18,FEMALE,4.69
0a360330-5e7f-4dd2-94a5-1f851be39641,e5d5782d-c340-4247-ad2a-2d4afd7416bc,13,MALE,3.04
d4387128-c9c9-4fa6-b6c4-985244c9556a,0f6dfd32-de57-4241-a71a-8ade7ca395f6,13,FEMALE,4.85
5eab9d15-8502-4fc1-ae0c-c39043f18625,b66e0c1b-1937-4e6e-aee2-65b89da8da21,7,FEMALE,4.11
fb19f287-e793-4f2e-a484-f894230cb4ba,e5d5782d-c340-4247-ad2a-2d4afd7416bc,7,MALE,3.25
c66c5121-c352-4dc2-a8de-b776e18e82b4,b66e0c1b-1937-4e6e-aee2-65b89da8da21,13,FEMALE,4.7
bdb1d46f-8fd0-4caa-9d1b-e8a61fa2d0ca,b9aa36eb-28bf-4194-8067-a5acfe711d35,7,FEMALE,3.57
9d5be7bf-bf00-444d-92d7-36b58c817939,e5d5782d-c340-4247-ad2a-2d4afd7416bc,17,MALE,4.52
39fcfef0-b727-4d08-8537-6164750148c4,0f6dfd32-de57-4241-a71a-8ade7ca395f6,3,FEMALE,3.15
deb064e4-c49e-4f7a-9a0e-155977ea8fe4,b66e0c1b-1937-4e6e-aee2-65b89da8da21,3,FEMALE,2.7
99b65dcb-1d90-4f6c-b8b2-36abcd5ce33b,6c6def20-7e38-499c-b02b-0a8eec1d9dc0,7,MALE,4.58
e9cfa002-4ad1-44b9-abdd-bdc8c6293cba,09d4be46-f2cd-497f-a34e-59037e71629a,13,MALE,4.18
a6d298f0-40d8-4c4e-9f62-eec89b039115,27791a38-0fa3-4311-87c9-09e621f02677,13,FEMALE,3.63
3ed8e3c1-b7b8-4cdd-8715-180034d4a093,09d4be46-f2cd-497f-a34e-59037e71629a,13,MALE,2.65
8fc9c16b-8038-4798-a2ac-4061e74075cc,b66e0c1b-1937-4e6e-aee2-65b89da8da21,3,FEMALE,2.69
09c9de48-900c-4170-81ef-5af43429f04b,6c6def20-7e38-499c-b02b-0a8eec1d9dc0,7,FEMALE,2.78
1be18838-4341-4cde-aac6-a211ce77a258,f5593915-51c1-4da9-8fca-68ee614095ba,7,MALE,4.48
29d572c2-af45-4e28-b32d-d3eab1b9aa55,f5593915-51c1-4da9-8fca-68ee614095ba,13,FEMALE,3.47
8b1cdf59-97ee-4a39-83d9-c51311668fca,f5593915-51c1-4da9-8fca-68ee614095ba,7,MALE,4.29
eb499544-ba2c-4fed-8d94-47aa106d12d4,e5d5782d-c340-4247-ad2a-2d4afd7416bc,13,FEMALE,2.92
07869681-db3b-4adf-9953-46c18272f3e3,6c6def20-7e38-499c-b02b-0a8eec1d9dc0,3,MALE,4.75
a10db526-4616-4ffa-aeef-0abbd7be7eeb,27791a38-0fa3-4311-87c9-09e621f02677,3,MALE,4.23
a2cfa563-4b6d-41bf-8f32-8fc0d632259a,6c6def20-7e38-499c-b02b-0a8eec1d9dc0,3,MALE,4.73
57d710bc-49fc-4bc9-a5d9-15569f3b630b,6c6def20-7e38-499c-b02b-0a8eec1d9dc0,13,MALE,2.62
f6fea26d-da06-48ef-b5e2-33a69bb097f4,09d4be46-f2cd-497f-a34e-59037e71629a,13,MALE,4.37
aa0b4493-d52a-499d-96a6-5d0d315a7577,27791a38-0fa3-4311-87c9-09e621f02677,3,FEMALE,4.15
3749bf2d-c7e6-4766-8eca-b49c5c98ef48,f5593915-51c1-4da9-8fca-68ee614095ba,3,MALE,2.99
f5825cb8-1f27-4362-9685-3e0a09674233,0f6dfd32-de57-4241-a71a-8ade7ca395f6,7,MALE,2.52
aa245539-30ab-4014-b45c-cd6ffc7e1362,09d4be46-f2cd-497f-a34e-59037e71629a,13,MALE,3.58
1bb76b97-5002-4db7-b73e-9cba0dbc1d7c,09d4be46-f2cd-497f-a34e-59037e71629a,7,MALE,3.8
12d219cd-4f77-4042-8339-45e1086e0ffd,0f6dfd32-de57-4241-a71a-8ade7ca395f6,17,MALE,3.94
40f2b189-7bec-48ac-be6a-9e5894ae5661,6c6def20-7e38-499c-b02b-0a8eec1d9dc0,7,MALE,3.13
208acdfe-7d32-460f-af24-a3d748e0f3aa,b9aa36eb-28bf-4194-8067-a5acfe711d35,17,FEMALE,4.15
2091466c-6e11-4b48-b803-f60ae066aee8,f5593915-51c1-4da9-8fca-68ee614095ba,7,MALE,3.72
8d932901-06bb-434f-98b4-c536ddd85d7d,b66e0c1b-1937-4e6e-aee2-65b89da8da21,7,FEMALE,3.32
096dd86d-a1dc-480a-9a4b-f8d89e3b419c,09d4be46-f2cd-497f-a34e-59037e71629a,13,MALE,2.84
95879863-9376-48b6-9069-fd13a37b8c82,95d534e8-2fb8-41d0-abc9-37c05d42f43c,7,MALE,4.33
af7d60ea-11e9-4ada-9305-9893ae47983e,09d4be46-f2cd-497f-a34e-59037e71629a,3,MALE,2.65
3c35ef03-5586-4381-b32d-39478555c0aa,09d4be46-f2cd-497f-a34e-59037e71629a,18,MALE,2.91
a51a5f44-9745-4e4b-96b1-6dc5937ce321,b9aa36eb-28bf-4194-8067-a5acfe711d35,3,MALE,2.77
0ca648f9-bef3-47f1-97d5-87e9350daeb4,95d534e8-2fb8-41d0-abc9-37c05d42f43c,7,MALE,4.46
26f82a94-5455-4804-9c61-b44240779f9b,6c6def20-7e38-499c-b02b-0a8eec1d9dc0,7,MALE,3.03
005fb464-7815-4ab9-8845-4addad0619b5,6c6def20-7e38-499c-b02b-0a8eec1d9dc0,7,MALE,2.9
ec70d6df-666c-4409-a3e2-f17668f55a5d,09d4be46-f2cd-497f-a34e-59037e71629a,18,MALE,4.12
2ca447bb-af88-40eb-a9ee-11fcb1713e33,95d534e8-2fb8-41d0-abc9-37c05d42f43c,7,MALE,3.21
2727a1d4-4744-41db-8899-18175d094f92,b9aa36eb-28bf-4194-8067-a5acfe711d35,7,MALE,3.53
ef861e2e-1789-4a24-8e4f-abe147e5bcc2,f5593915-51c1-4da9-8fca-68ee614095ba,7,MALE,4.58
4223aa90-00f1-492d-a84b-4953ecab1592,6c6def20-7e38-499c-b02b-0a8eec1d9dc0,7,MALE,3.43
149b9b5b-a261-4f8c-968f-3ad4160bff6a,27791a38-0fa3-4311-87c9-09e621f02677,7,MALE,3.68
60318626-4525-47a4-a6e7-e77637f7b34f,e5d5782d-c340-4247-ad2a-2d4afd7416bc,7,MALE,2.76
82a6f824-ec6d-47d7-9875-ae3c2dcb4c63,0f6dfd32-de57-4241-a71a-8ade7ca395f6,13,MALE,4.92
0ef4d0ed-72bf-410a-8d2b-dbcb2470efea,27791a38-0fa3-4311-87c9-09e621f02677,3,MALE,4.62
ce35174c-ce7a-4792-86a4-c9c98dcceae2,6c6def20-7e38-499c-b02b-0a8eec1d9dc0,13,MALE,4.81
7a16b1c4-c347-452f-bae4-431dad01e6eb,b66e0c1b-1937-4e6e-aee2-65b89da8da21,13,FEMALE,4.4
550c5636-1ff8-478e-a8d5-afb9158f6b45,0f6dfd32-de57-4241-a71a-8ade7ca395f6,13,MALE,4.97
2752a23a-1f3c-43f2-9a5d-5c098e048389,09d4be46-f2cd-497f-a34e-59037e71629a,13,MALE,4.09
ad8762de-879e-48cf-b7c0-27d2bce6c844,b9aa36eb-28bf-4194-8067-a5acfe711d35,7,MALE,4.2
55509f46-3015-432c-bf65-e9daebe9129e,b9aa36eb-28bf-4194-8067-a5acfe711d35,7,MALE,3.84
6e3add87-be02-4b23-b0f3-10fac8d022c6,f5593915-51c1-4da9-8fca-68ee614095ba,3,FEMALE,2.79
27f70356-2297-4cdb-b252-465e242d91f7,09d4be46-f2cd-497f-a34e-59037e71629a,7,MALE,3.11
bf3ce8f4-6910-4c3a-99dd-ebde2d0f1c1c,b66e0c1b-1937-4e6e-aee2-65b89da8da21,7,FEMALE,3.29
3977bea3-1599-451c-ac5a-1125c449b73b,0f6dfd32-de57-4241-a71a-8ade7ca395f6,3,MALE,2.66
d55461d3-9f00-44d1-a6de-e86923d39c61,27791a38-0fa3-4311-87c9-09e621f02677,7,MALE,3.23
9258a65b-1fc3-40ef-915a-543aff9d986c,6c6def20-7e38-499c-b02b-0a8eec1d9dc0,17,MALE,2.69
c923577d-9d33-4154-9276-9dfe224487ee,6c6def20-7e38-499c-b02b-0a8eec1d9dc0,13,MALE,4.33
6acd1536-467f-4521-bcff-1f197c75f334,b66e0c1b-1937-4e6e-aee2-65b89da8da21,13,FEMALE,4.03
95e8c97c-d16f-421e-84d5-6ef578b6a201,b66e0c1b-1937-4e6e-aee2-65b89da8da21,18,FEMALE,3.82
11002964-40fd-41be-beaa-a3c162b07808,e5d5782d-c340-4247-ad2a-2d4afd7416bc,13,MALE,3.45
444177ac-8b09-4416-863b-6d517c9f1de3,e5d5782d-c340-4247-ad2a-2d4afd7416bc,13,MALE,3.4
8c7ebf70-398c-479e-8bb0-63725af2bc80,95d534e8-2fb8-41d0-abc9-37c05d42f43c,3,MALE,4.34
29b889d4-0e7f-42b6-ab28-6bbc4fbacc8b,e5d5782d-c340-4247-ad2a-2d4afd7416bc,17,FEMALE,4.58
39efb125-865e-4338-bd5d-4e00d35bc1d9,6c6def20-7e38-499c-b02b-0a8eec1d9dc0,18,MALE,2.84
a923d2c2-a900-4962-9a0d-3c7cc4745c43,0f6dfd32-de57-4241-a71a-8ade7ca395f6,3,FEMALE,3.34
910f310f-391a-4d48-ac63-d11b2e4befaa,6c6def20-7e38-499c-b02b-0a8eec1d9dc0,7,MALE,3.87
0c77f10e-4ad7-452b-9424-425aac70a361,e5d5782d-c340-4247-ad2a-2d4afd7416bc,13,MALE,4.5
09229d3e-e335-421b-a019-70338026f434,f5593915-51c1-4da9-8fca-68ee614095ba,7,FEMALE,4.89
6a8efa46-e697-49e2-8939-7d9c41f96118,0f6dfd32-de57-4241-a71a-8ade7ca395f6,3,MALE,4.23
1076a043-a815-45be-9171-a8849db0c8a5,e5d5782d-c340-4247-ad2a-2d4afd7416bc,13,MALE,2.66
57a1956b-40a2-4656-a690-05ef87a5f195,0f6dfd32-de57-4241-a71a-8ade7ca395f6,7,FEMALE,3.48
8d961b2c-907b-481f-9d56-1124cd512f19,f5593915-51c1-4da9-8fca-68ee614095ba,3,FEMALE,4.57
18ff4f7b-0025-41d5-b01b-f635e69afb85,b9aa36eb-28bf-4194-8067-a5acfe711d35,17,MALE,4.37
340f4173-432d-46aa-9bc3-d7531a54c3ea,b9aa36eb-28bf-4194-8067-a5acfe711d35,7,MALE,4.5
26a199b9-04b2-4ec2-bfaa-7684af0b8826,95d534e8-2fb8-41d0-abc9-37c05d42f43c,13,MALE,2.6
96257a99-3da9-4a2d-8243-12cbb24ad4f6,95d534e8-2fb8-41d0-abc9-37c05d42f43c,13,FEMALE,2.58
d5cdc5bb-ad0b-4404-9e6b-198087387c79,b9aa36eb-28bf-4194-8067-a5acfe711d35,3,MALE,4.02
1e1de97f-697a-4a43-8520-d387fbbc24cb,b66e0c1b-1937-4e6e-aee2-65b89da8da21,18,FEMALE,3.37
9031f54f-501e-49ed-9c8e-0ec22f8626e5,6c6def20-7e38-499c-b02b-0a8eec1d9dc0,13,MALE,2.57
1d5c2855-bd3a-45a0-93c6-956e0c059b00,e5d5782d-c340-4247-ad2a-2d4afd7416bc,7,MALE,2.5
e957393d-7527-411a-9a65-1c66cdb21796,0f6dfd32-de57-4241-a71a-8ade7ca395f6,17,FEMALE,3.59
3680c414-1049-43bb-a941-0fdf08817763,e5d5782d-c340-4247-ad2a-2d4afd7416bc,18,MALE,4.38
056e4a87-a125-4375-b056-ae07ff6eec50,95d534e8-2fb8-41d0-abc9-37c05d42f43c,3,FEMALE,2.63
7682623c-bfb9-456c-b142-861703db5e20,f5593915-51c1-4da9-8fca-68ee614095ba,17,MALE,2.66
e0a1bef5-91b4-4f52-877e-21e1322ee834,f5593915-51c1-4da9-8fca-68ee614095ba,13,MALE,3.31
fac7980b-df3d-4d0b-82f7-f31d3520840d,6c6def20-7e38-499c-b02b-0a8eec1d9dc0,13,MALE,4.03
a7ba024f-3880-4363-bba5-73ace740f716,6c6def20-7e38-499c-b02b-0a8eec1d9dc0,13,FEMALE,2.86
d666ae43-9539-40db-a33c-a0fc1ed7592c,e5d5782d-c340-4247-ad2a-2d4afd7416bc,7,MALE,3.38
9a43c031-4523-4e65-8758-ec5c69a4f6d6,0f6dfd32-de57-4241-a71a-8ade7ca395f6,17,FEMALE,4.3
94ec641a-1446-42cc-9458-fcf82ad45026,6c6def20-7e38-499c-b02b-0a8eec1d9dc0,13,FEMALE,2.86
516c8613-de08-4d8f-a355-ebedea18f7b0,0f6dfd32-de57-4241-a71a-8ade7ca395f6,7,MALE,2.9
9ef2bfb1-37f2-430a-8bec-438e70a209ee,27791a38-0fa3-4311-87c9-09e621f02677,7,FEMALE,3.04
1432903f-09b7-47e1-8bd8-f0f824b5eccf,27791a38-0fa3-4311-87c9-09e621f02677,7,FEMALE,3.13
536ccb2d-f5b7-483b-88a4-eff767916911,b66e0c1b-1937-4e6e-aee2-65b89da8da21,7,FEMALE,2.85
dda6419e-6d0b-4031-8c3f-9e95079381a9,95d534e8-2fb8-41d0-abc9-37c05d42f43c,17,MALE,4.89
3657106c-0967-428c-9382-27e86c737ffb,e5d5782d-c340-4247-ad2a-2d4afd7416bc,7,MALE,4.96
ce6e0489-5920-4c0d-aced-82d962479e1e,95d534e8-2fb8-41d0-abc9-37c05d42f43c,7,MALE,3.81
c22867ec-197d-4572-9f70-0aa849105892,09d4be46-f2cd-497f-a34e-59037e71629a,3,MALE,3.52
a3ed5de3-8dfd-4da3-bb9c-2c9814c5c29c,6c6def20-7e38-499c-b02b-0a8eec1d9dc0,13,MALE,3.65
d61357de-7ce4-47c3-b099-69b5dafc5dbf,b66e0c1b-1937-4e6e-aee2-65b89da8da21,13,FEMALE,3.18
e7261d9b-09c5-4e32-8d60-cb2567977a25,b9aa36eb-28bf-4194-8067-a5acfe711d35,3,MALE,3.84
1c41945b-3975-45c3-8594-7906f7d3c0e1,b66e0c1b-1937-4e6e-aee2-65b89da8da21,18,FEMALE,3.04
c67d2c7c-365b-41cc-bd67-0255045ec689,b9aa36eb-28bf-4194-8067-a5acfe711d35,3,MALE,4.99
43e187a2-a95d-49ec-8cd3-413bef40a21c,27791a38-0fa3-4311-87c9-09e621f02677,7,FEMALE,2.59
39358469-aaa7-4967-9ead-14cd5abb80ec,09d4be46-f2cd-497f-a34e-59037e71629a,7,MALE,3.52
61435e14-a0fa-4731-8448-45afca386018,6c6def20-7e38-499c-b02b-0a8eec1d9dc0,7,MALE,4.57
d31da276-fd27-4586-ace0-8e65bc5a1be2,95d534e8-2fb8-41d0-abc9-37c05d42f43c,7,MALE,2.8
8921025b-2375-4991-b7d1-6a2e42cde711,f5593915-51c1-4da9-8fca-68ee614095ba,3,MALE,4.9
3eedce43-a1a2-4d9c-ac39-0cc1f7669301,b66e0c1b-1937-4e6e-aee2-65b89da8da21,13,MALE,3.51
36b25d10-a94f-4e07-8c0e-66aa970af31d,0f6dfd32-de57-4241-a71a-8ade7ca395f6,13,FEMALE,4.68
7b3ae8f4-0e22-472e-972b-c76d52c2a7b0,b66e0c1b-1937-4e6e-aee2-65b89da8da21,13,MALE,4.66
bc9cd959-50d0-4f52-bcb1-fd7d21faba3c,e5d5782d-c340-4247-ad2a-2d4afd7416bc,7,MALE,4.57
c2279a7f-7411-430b-9485-43cad74453a7,e5d5782d-c340-4247-ad2a-2d4afd7416bc,3,MALE,2.98
4b470b9e-8df5-4f74-8f93-e2c2a67c5223,27791a38-0fa3-4311-87c9-09e621f02677,7,FEMALE,3.83
4be95707-4a8b-4855-8eaa-dd988f0e243c,e5d5782d-c340-4247-ad2a-2d4afd7416bc,3,MALE,3.61
066c6970-9f9f-4dc7-b4b9-3178f3668000,e5d5782d-c340-4247-ad2a-2d4afd7416bc,3,MALE,2.6
0f208abe-6640-4f91-ad8a-d96336440d9d,e5d5782d-c340-4247-ad2a-2d4afd7416bc,7,MALE,3.63
96b7ab57-590b-4523-ab30-b26ae3696382,b9aa36eb-28bf-4194-8067-a5acfe711d35,7,MALE,2.69
43cc5b7f-54fd-4dca-902e-1f8b9d7606ce,b9aa36eb-28bf-4194-8067-a5acfe711d35,17,MALE,2.74
06ce76c6-abe0-456f-9893-13db5d6bc15b,b66e0c1b-1937-4e6e-aee2-65b89da8da21,7,FEMALE,3.41
3fb70c37-2ff1-410e-8fad-caa707e9ed0a,95d534e8-2fb8-41d0-abc9-37c05d42f43c,7,FEMALE,3.18
0500654e-c6d8-4473-9c6f-32c676f1b4b7,6c6def20-7e38-499c-b02b-0a8eec1d9dc0,7,MALE,3.04
1aa5e94e-223a-46c7-a3f2-4668c98a60b2,95d534e8-2fb8-41d0-abc9-37c05d42f43c,13,MALE,3.41
827ff0b9-cde4-44c7-bb0f-4d431cc820cd,27791a38-0fa3-4311-87c9-09e621f02677,13,FEMALE,3.73
9d0fc145-670b-4e63-8cef-8902e7d81d3d,09d4be46-f2cd-497f-a34e-59037e71629a,17,MALE,4.36
92a2e83c-09fc-4be4-8a10-3a17463bcf59,0f6dfd32-de57-4241-a71a-8ade7ca395f6,13,FEMALE,3.96
b7f82b5f-5327-458a-b32e-8754462146ca,09d4be46-f2cd-497f-a34e-59037e71629a,3,MALE,2.73
e5b2e23d-5ae0-433f-83a3-eb469a2724d8,b66e0c1b-1937-4e6e-aee2-65b89da8da21,7,FEMALE,3.36
b6d2dd35-56a8-42da-837a-3bb4b536b45e,09d4be46-f2cd-497f-a34e-59037e71629a,18,MALE,4.15
c9ffa89c-04d2-43f0-bbbd-458a14e89e2d,6c6def20-7e38-499c-b02b-0a8eec1d9dc0,7,FEMALE,4.24
c288bb1e-541d-4dd8-82ca-894650bbe8b4,27791a38-0fa3-4311-87c9-09e621f02677,13,FEMALE,4.95
f1afe008-d174-4bde-997a-f5a21b9505a1,95d534e8-2fb8-41d0-abc9-37c05d42f43c,3,MALE,4.54
41047dbc-8f77-4d9c-a3e8-92796247c568,f5593915-51c1-4da9-8fca-68ee614095ba,17,MALE,3.97
7815c4f7-a8b6-40a4-9c46-099de3156708,0f6dfd32-de57-4241-a71a-8ade7ca395f6,7,MALE,3.43
d0f365a0-d145-4149-99d8-972173cb931a,e5d5782d-c340-4247-ad2a-2d4afd7416bc,13,FEMALE,3.73
daaa35fa-375a-48ba-ba44-c67059612a0a,95d534e8-2fb8-41d0-abc9-37c05d42f43c,7,MALE,3.39
dc876601-f887-42c2-9d51-f4123c1708f5,09d4be46-f2cd-497f-a34e-59037e71629a,13,MALE,3.02
a47029c7-ebd8-47ea-a1e1-a7e98119252f,f5593915-51c1-4da9-8fca-68ee614095ba,3,MALE,3.52
ca8d731e-8666-40fd-a6b6-f9bb9b518620,b66e0c1b-1937-4e6e-aee2-65b89da8da21,7,FEMALE,4.42
97b60e45-06fa-48f9-ba60-0e380f1ab1d9,b66e0c1b-1937-4e6e-aee2-65b89da8da21,7,FEMALE,4.23
edadc174-a2d6-40e4-a437-497c87612fcb,e5d5782d-c340-4247-ad2a-2d4afd7416bc,3,MALE,2.71
22bc7488-d490-4a18-9052-a5d1dabbf742,b9aa36eb-28bf-4194-8067-a5acfe711d35,7,MALE,4.82
ab192f45-1c1e-4164-90f5-44c182ab3315,b9aa36eb-28bf-4194-8067-a5acfe711d35,13,MALE,4.69
c285bccf-cc42-42d2-b8c8-2cbee6b3670e,f5593915-51c1-4da9-8fca-68ee614095ba,3,MALE,4.58
72cd9e1b-705b-4647-9945-69599836efae,e5d5782d-c340-4247-ad2a-2d4afd7416bc,7,MALE,2.65
453fda2c-5c10-45a6-bdb8-0a4957b37eba,09d4be46-f2cd-497f-a34e-59037e71629a,7,MALE,2.78
8a2e3feb-acfd-4db7-90a0-e302a6a97a14,27791a38-0fa3-4311-87c9-09e621f02677,3,FEMALE,3.13
941bdab1-b606-4fad-b9cc-e2e5ebd3e50f,95d534e8-2fb8-41d0-abc9-37c05d42f43c,3,MALE,2.53
480c00c6-19d2-407f-8b4c-404dc7fb0a01,27791a38-0fa3-4311-87c9-09e621f02677,3,MALE,4.94
c352d22f-2dba-4d9f-ace8-fc2d9f76cd39,27791a38-0fa3-4311-87c9-09e621f02677,13,FEMALE,4.2
b1acd223-f1b1-41c0-87dd-e01af7da73b3,0f6dfd32-de57-4241-a71a-8ade7ca395f6,13,MALE,4.09
363a2616-e655-43d7-9d3c-32b609b09f39,b9aa36eb-28bf-4194-8067-a5acfe711d35,13,MALE,4.65
dca03fc4-bf58-4fde-83ab-a108af70765c,09d4be46-f2cd-497f-a34e-59037e71629a,18,MALE,2.61
ea74ebc5-3d54-48dc-95b7-052e8685465b,95d534e8-2fb8-41d0-abc9-37c05d42f43c,3,MALE,2.78
03d56e3b-f155-4d6c-9c00-5e1a4113f890,0f6dfd32-de57-4241-a71a-8ade7ca395f6,7,MALE,3.68
af19115a-13ef-4a83-8232-485031aa7073,27791a38-0fa3-4311-87c9-09e621f02677,17,FEMALE,4.89
e793820e-c0c9-412f-a3c0-e625d051e470,09d4be46-f2cd-497f-a34e-59037e71629a,7,MALE,3.29
a2bfef11-674e-4e5d-9227-62b395729664,e5d5782d-c340-4247-ad2a-2d4afd7416bc,7,MALE,4.25
d8517f92-3368-4620-b18c-47965e77a88e,27791a38-0fa3-4311-87c9-09e621f02677,13,MALE,2.56
a1a236a6-3f0e-41e9-9924-8b3c3d805d2e,f5593915-51c1-4da9-8fca-68ee614095ba,13,MALE,3.55
bae799ff-72ed-44b6-9b46-a00ac7197997,09d4be46-f2cd-497f-a34e-59037e71629a,17,MALE,3.99
ab829383-d3e3-42b7-9582-c9f8217f4b06,b9aa36eb-28bf-4194-8067-a5acfe711d35,7,MALE,2.97
d7f669ac-eca2-4996-be3a-00466d93503b,f5593915-51c1-4da9-8fca-68ee614095ba,13,MALE,2.8
a312365b-6acd-403a-8041-2d31dd6d28d5,0f6dfd32-de57-4241-a71a-8ade7ca395f6,7,MALE,4.63
1aa3bfda-938d-49fc-baa8-35654ef5c703,e5d5782d-c340-4247-ad2a-2d4afd7416bc,7,MALE,3.64
3a678f6b-5660-4291-ab6e-ee01fa7f256a,27791a38-0fa3-4311-87c9-09e621f02677,7,FEMALE,2.68
e2728e0c-0a6a-467a-9a61-814d3df4aaed,f5593915-51c1-4da9-8fca-68ee614095ba,13,MALE,2.95
e8bf65c9-b45d-4cc5-a819-ced655607a9b,b66e0c1b-1937-4e6e-aee2-65b89da8da21,13,FEMALE,3.25
29b93217-420a-4f5f-90fb-0b72c9a58f1c,b9aa36eb-28bf-4194-8067-a5acfe711d35,7,MALE,4.37
adbad9c7-b835-4487-be36-2028b37dc1fb,6c6def20-7e38-499c-b02b-0a8eec1d9dc0,3,MALE,4.55
6d722ca0-c8bb-4111-a795-3bef72147081,f5593915-51c1-4da9-8fca-68ee614095ba,7,MALE,4.15
9052aebd-173b-4e50-a8a2-a71dafd8e34d,e5d5782d-c340-4247-ad2a-2d4afd7416bc,7,MALE,4.26
3208e7c6-4072-4ded-b5fe-fe35b68423fa,95d534e8-2fb8-41d0-abc9-37c05d42f43c,18,MALE,3.68
03543ac4-9c5b-4be5-ae01-c61783a55e10,95d534e8-2fb8-41d0-abc9-37c05d42f43c,7,MALE,3.22
d2547ce6-3460-4ccf-b666-00f980fc29c2,27791a38-0fa3-4311-87c9-09e621f02677,7,FEMALE,4.68
2a831f0d-3292-4a28-a58e-6402385a812f,95d534e8-2fb8-41d0-abc9-37c05d42f43c,13,MALE,3.89
7dd7d8b4-069b-4a54-a02f-700c56ebfbb6,f5593915-51c1-4da9-8fca-68ee614095ba,7,MALE,4.25
6cc95ffe-8b7e-487c-868a-7cef4c344b12,f5593915-51c1-4da9-8fca-68ee614095ba,7,MALE,2.62
b39db146-53ce-41b9-bbaf-344ad219f418,09d4be46-f2cd-497f-a34e-59037e71629a,13,MALE,4.32
0bf4e533-0071-466d-a11a-c342afae18ad,0f6dfd32-de57-4241-a71a-8ade7ca395f6,13,MALE,2.98
a1b74c24-47cc-4436-b614-bbdf20c1ffd3,f5593915-51c1-4da9-8fca-68ee614095ba,18,MALE,3.72
ff50598f-d083-4078-a27a-a833cfcce5e1,f5593915-51c1-4da9-8fca-68ee614095ba,7,MALE,3.16
39a15b62-76d9-47cf-bfe8-d55c22218147,0f6dfd32-de57-4241-a71a-8ade7ca395f6,13,MALE,3.31
b7fb1f5a-3b5a-424d-a648-db660b42bcdf,f5593915-51c1-4da9-8fca-68ee614095ba,7,MALE,3.3
750adbda-59aa-4a5c-a310-4fbc7adb7ed6,6c6def20-7e38-499c-b02b-0a8eec1d9dc0,7,FEMALE,4.52
a33822ea-4463-4423-aa26-fa0d0cc0ae65,e5d5782d-c340-4247-ad2a-2d4afd7416bc,3,MALE,4.16
7df27880-190f-4536-930a-1f3d9cd79333,27791a38-0fa3-4311-87c9-09e621f02677,13,FEMALE,4.71
00726a16-fd7f-49bb-bd71-e9aa2e1c4a55,f5593915-51c1-4da9-8fca-68ee614095ba,13,FEMALE,3.78
8eaedf7f-c5cc-4262-ab34-0874e9578740,6c6def20-7e38-499c-b02b-0a8eec1d9dc0,7,MALE,2.99
9f2e7b72-089f-4187-a754-a303b3601f68,09d4be46-f2cd-497f-a34e-59037e71629a,13,MALE,3.08
b9207613-d9a5-4960-abb7-56b8e66c8348,e5d5782d-c340-4247-ad2a-2d4afd7416bc,3,MALE,4.78
64381aca-9953-4516-a438-e09fcde560a1,b66e0c1b-1937-4e6e-aee2-65b89da8da21,17,FEMALE,3.72
d8109a4c-09ae-4612-b42c-19dbc11bdacb,95d534e8-2fb8-41d0-abc9-37c05d42f43c,7,MALE,2.68
6e424273-258c-47be-9641-097428a4bb79,0f6dfd32-de57-4241-a71a-8ade7ca395f6,7,MALE,3.87
1a8584e4-b972-47f5-8991-3bf6bc2b46d5,f5593915-51c1-4da9-8fca-68ee614095ba,13,MALE,2.69
6e882b06-818f-4bd7-b2c1-fd96ca365b1a,27791a38-0fa3-4311-87c9-09e621f02677,13,FEMALE,4.89
efe92d11-7aef-4d1b-905d-9aab2103b700,e5d5782d-c340-4247-ad2a-2d4afd7416bc,17,MALE,3.6
fc858423-c573-4b49-9136-504341636fec,0f6dfd32-de57-4241-a71a-8ade7ca395f6,3,MALE,2.68
8c019a69-6c6e-4028-8a6a-75d93fc42c27,b66e0c1b-1937-4e6e-aee2-65b89da8da21,3,FEMALE,4.81
27ba7c10-7d0a-4d78-8b43-526dc597e1ce,f5593915-51c1-4da9-8fca-68ee614095ba,7,FEMALE,4.25
4bea22a4-28a8-4afc-8eae-4f02046f01bc,6c6def20-7e38-499c-b02b-0a8eec1d9dc0,18,MALE,2.96
f3d63edf-149b-41f6-94f2-79379f131ccd,b9aa36eb-28bf-4194-8067-a5acfe711d35,7,MALE,2.58
0ddb8659-c0b3-4c46-9e38-3569bbf5df28,0f6dfd32-de57-4241-a71a-8ade7ca395f6,7,MALE,3.62
1f10dac8-b9d1-41c7-b36f-b1418f357a7a,95d534e8-2fb8-41d0-abc9-37c05d42f43c,13,FEMALE,4.74
6e69cb63-1f6b-48b9-86c9-549e7e873d7d,0f6dfd32-de57-4241-a71a-8ade7ca395f6,7,FEMALE,3.12
79b0b210-9758-4628-a1cc-22f1230f292e,f5593915-51c1-4da9-8fca-68ee614095ba,13,MALE,4.66
57a3ba37-6403-42d5-b592-da0b1f3219ad,b9aa36eb-28bf-4194-8067-a5acfe711d35,7,MALE,4.79
a8d88ded-881b-4859-871f-5436ff552766,b66e0c1b-1937-4e6e-aee2-65b89da8da21,3,FEMALE,3.05
35081455-f9da-4060-ba29-2f7554113857,0f6dfd32-de57-4241-a71a-8ade7ca395f6,3,FEMALE,4.55
3fe2933e-cd75-484f-8e14-77dab1cf6dea,b9aa36eb-28bf-4194-8067-a5acfe711d35,3,MALE,2.54
33eb1b8f-d97b-485b-8335-e3df0a9a2cdc,e5d5782d-c340-4247-ad2a-2d4afd7416bc,3,MALE,3.38
ebaf19c6-68bb-4cc0-9042-cc41c709d3e8,6c6def20-7e38-499c-b02b-0a8eec1d9dc0,13,MALE,3.58
b638dc24-9806-41d8-a678-1d197f9b3837,b66e0c1b-1937-4e6e-aee2-65b89da8da21,13,MALE,4.18
16979ba5-b419-4e5b-b266-e2156d3f61e3,e5d5782d-c340-4247-ad2a-2d4afd7416bc,7,MALE,4.47
8d885beb-84c0-4be0-ae2c-d51b72d5730b,b66e0c1b-1937-4e6e-aee2-65b89da8da21,13,FEMALE,4.12
a79109c7-e5a8-4452-8a8c-e0834075c281,27791a38-0fa3-4311-87c9-09e621f02677,13,FEMALE,3.88
75e0dd6f-1a4b-4079-843d-1a397388e113,0f6dfd32-de57-4241-a71a-8ade7ca395f6,13,MALE,2.54
3549b8c4-2cad-47c1-8dba-98c4328fe610,b9aa36eb-28bf-4194-8067-a5acfe711d35,17,MALE,3.78
e5b420f4-2765-4b58-9846-d2e2f0bbdba9,6c6def20-7e38-499c-b02b-0a8eec1d9dc0,13,MALE,4.78
035bf2dd-f695-4f7e-abd5-9aeaf36d0ddc,09d4be46-f2cd-497f-a34e-59037e71629a,3,MALE,4.61
6241e858-6780-45e3-911f-b5dbf7bc4d7b,e5d5782d-c340-4247-ad2a-2d4afd7416bc,7,MALE,4.47
44a30035-3683-4716-807b-f32bb4562652,b66e0c1b-1937-4e6e-aee2-65b89da8da21,13,MALE,3.37
a52a7eae-3cd0-4379-adbd-f457d4586629,09d4be46-f2cd-497f-a34e-59037e71629a,13,MALE,3.17
0ad0c9ef-5d8e-456b-bc20-5dd164a84951,0f6dfd32-de57-4241-a71a-8ade7ca395f6,13,FEMALE,2.51
853e1d8d-33c3-4ab5-8d42-3fb71bcb063f,6c6def20-7e38-499c-b02b-0a8eec1d9dc0,7,FEMALE,4.95
89a23367-6651-423e-873b-7d741b923b32,e5d5782d-c340-4247-ad2a-2d4afd7416bc,7,MALE,3.54
2a0480b7-add0-48ac-9cde-22833cfcf8b4,6c6def20-7e38-499c-b02b-0a8eec1d9dc0,3,FEMALE,2.8
1c6bd972-a53b-469b-a254-ec402febf2e4,f5593915-51c1-4da9-8fca-68ee614095ba,3,FEMALE,3.32
4f73460d-cba7-4306-9e98-be3879869f54,0f6dfd32-de57-4241-a71a-8ade7ca395f6,3,MALE,3.59
79a4667d-ac0a-496c-9c57-c74971c2fa97,09d4be46-f2cd-497f-a34e-59037e71629a,7,MALE,3.56
825ff96e-45f3-4212-98e1-f104082dda38,0f6dfd32-de57-4241-a71a-8ade7ca395f6,3,MALE,3.88
274f59ed-6dbc-48f0-aec5-a19eff683f1b,6c6def20-7e38-499c-b02b-0a8eec1d9dc0,3,MALE,2.81
4b949122-67f4-47f3-ad95-1316ad819441,27791a38-0fa3-4311-87c9-09e621f02677,7,MALE,3.98
9d2921aa-31ab-4ec5-b293-9e223c83f4da,09d4be46-f2cd-497f-a34e-59037e71629a,7,MALE,3.92
7066a88f-8058-4be9-951a-4898983e86e3,b66e0c1b-1937-4e6e-aee2-65b89da8da21,3,FEMALE,3.58
822ed946-9104-486d-9305-2484ce8397e8,f5593915-51c1-4da9-8fca-68ee614095ba,17,MALE,2.78
addc5485-a95e-4d26-b2e4-bf93f116d626,0f6dfd32-de57-4241-a71a-8ade7ca395f6,18,FEMALE,4.49
3b18b916-1258-452d-80ce-29c26879911d,0f6dfd32-de57-4241-a71a-8ade7ca395f6,7,FEMALE,3.19
f878accc-97f2-4cca-8a8c-1aafdf625019,27791a38-0fa3-4311-87c9-09e621f02677,7,MALE,4.09
28ac8432-d58c-4e50-a31f-665db2e4cf65,0f6dfd32-de57-4241-a71a-8ade7ca395f6,3,FEMALE,3.67
cc50de46-adf2-4eea-a843-a7a9e47c2c27,f5593915-51c1-4da9-8fca-68ee614095ba,7,MALE,3.56
a8ac0a1e-5f83-4403-bd55-aaff4dfde543,27791a38-0fa3-4311-87c9-09e621f02677,3,FEMALE,4.96
737c951f-2e24-41af-bce0-e75615bb1c49,09d4be46-f2cd-497f-a34e-59037e71629a,3,MALE,4.5
dff9a396-195f-4985-8017-55fbca8279fd,e5d5782d-c340-4247-ad2a-2d4afd7416bc,7,MALE,3.7
9c454a2f-9033-4d98-91c5-3a7616cfeac6,b9aa36eb-28bf-4194-8067-a5acfe711d35,17,MALE,3.24
1a6c328f-eeaa-43f0-b765-71e520a4ebeb,0f6dfd32-de57-4241-a71a-8ade7ca395f6,7,MALE,3.45
86365c48-288e-400d-8e27-d830eda651e0,0f6dfd32-de57-4241-a71a-8ade7ca395f6,7,MALE,4.74
ec754945-24e8-4779-95cf-b6d5f2fd60d5,b9aa36eb-28bf-4194-8067-a5acfe711d35,17,MALE,2.77
e95f539b-4f92-40d2-8ce2-fcee33954aa4,e5d5782d-c340-4247-ad2a-2d4afd7416bc,13,MALE,4.82
32ab74db-5ad2-4ecd-85c3-d8af8c76ea00,6c6def20-7e38-499c-b02b-0a8eec1d9dc0,7,MALE,2.73
5c18d7f2-0672-4828-b0c7-7de044889d5e,0f6dfd32-de57-4241-a71a-8ade7ca395f6,13,MALE,3.67
7c61a605-84bb-4a44-9c05-caefe86ace6c,f5593915-51c1-4da9-8fca-68ee614095ba,13,MALE,4.76
c6b3efa6-31da-4eea-af9c-e53a3313ed69,09d4be46-f2cd-497f-a34e-59037e71629a,3,MALE,4.57
3fb771a0-a608-4796-8464-2469a1531846,e5d5782d-c340-4247-ad2a-2d4afd7416bc,13,MALE,2.86
65ebd94c-5a82-40dd-9832-92e798e1d1b0,b9aa36eb-28bf-4194-8067-a5acfe711d35,13,MALE,2.99
3559489c-72d8-4ca1-8993-05512ca0500f,f5593915-51c1-4da9-8fca-68ee614095ba,7,MALE,3.68
128e867c-c15b-4c88-bd6b-a2ed1cdd328b,0f6dfd32-de57-4241-a71a-8ade7ca395f6,7,FEMALE,3.06
2f054a85-6e71-44f8-a5e3-512bdc273819,6c6def20-7e38-499c-b02b-0a8eec1d9dc0,3,MALE,2.96
79c97243-a59f-4f13-8d34-4e460f782f56,e5d5782d-c340-4247-ad2a-2d4afd7416bc,17,MALE,3.93
ff846317-6bd1-4307-95f5-310d9f1c1126,b9aa36eb-28bf-4194-8067-a5acfe711d35,3,FEMALE,2.68
96fac433-7346-4cca-baeb-455ae3339845,27791a38-0fa3-4311-87c9-09e621f02677,13,FEMALE,3.76
ace70873-e9d0-47a5-adeb-6fe1a15ec544,b66e0c1b-1937-4e6e-aee2-65b89da8da21,7,FEMALE,3.31
c136d0a1-5f17-4a2f-8190-fd120e3b07f6,0f6dfd32-de57-4241-a71a-8ade7ca395f6,13,FEMALE,2.69
bbcbacab-c2c2-476f-8e90-36defc1b234f,f5593915-51c1-4da9-8fca-68ee614095ba,17,FEMALE,2.66
5637d9fd-4129-4a47-8805-9934e1ce51e9,e5d5782d-c340-4247-ad2a-2d4afd7416bc,3,FEMALE,4.11
3ea10b22-e16a-4b99-b4dd-15c14b8f5986,09d4be46-f2cd-497f-a34e-59037e71629a,13,MALE,3.82
17472303-b74b-46ef-9efb-d301fdf53559,b9aa36eb-28bf-4194-8067-a5acfe711d35,13,MALE,4.64
cd90216f-4a03-4417-80ce-d2be66ccce17,b9aa36eb-28bf-4194-8067-a5acfe711d35,17,MALE,2.84
8f1cdfad-7645-4e9e-9416-8620e96007fe,b9aa36eb-28bf-4194-8067-a5acfe711d35,7,MALE,3.76
7a91f21e-1d22-4a62-a9f2-0d34f3d8b566,f5593915-51c1-4da9-8fca-68ee614095ba,13,MALE,4.19
ac0f4d8c-7348-4867-961c-8e602775c8d2,27791a38-0fa3-4311-87c9-09e621f02677,3,FEMALE,4.03
4cc2589b-4b36-4f83-8e12-b8f6b534ba44,b9aa36eb-28bf-4194-8067-a5acfe711d35,3,MALE,4.2
f53ce208-7d52-4bf6-b130-385368e7dd42,0f6dfd32-de57-4241-a71a-8ade7ca395f6,7,MALE,3.91
472f86f1-d2f2-416e-87d5-54c8d94a4fcb,27791a38-0fa3-4311-87c9-09e621f02677,13,FEMALE,3.09
941a4d4a-c937-46e5-948d-bc0e5de7085d,f5593915-51c1-4da9-8fca-68ee614095ba,13,MALE,3.93
8aa68c99-74eb-4570-abfe-ba4d6601d597,95d534e8-2fb8-41d0-abc9-37c05d42f43c,3,MALE,4.51
16505e38-de13-4dec-afb0-2f29abdb5252,95d534e8-2fb8-41d0-abc9-37c05d42f43c,3,MALE,3.69
28e3117f-baec-40a1-92cc-43c02778a716,95d534e8-2fb8-41d0-abc9-37c05d42f43c,7,MALE,4.28
14c3b527-c30b-43ff-b821-412b7ec7fa5e,09d4be46-f2cd-497f-a34e-59037e71629a,7,MALE,4.02
42adc3d2-b4f6-4a2f-addc-80fc3955b3ea,0f6dfd32-de57-4241-a71a-8ade7ca395f6,3,MALE,4.26
8af77ded-b57b-4a5b-868e-0ddfe87fb399,6c6def20-7e38-499c-b02b-0a8eec1d9dc0,7,FEMALE,4.25
325f5ce8-91d0-45fd-97f1-56924c63227f,09d4be46-f2cd-497f-a34e-59037e71629a,7,MALE,3.23
1c77b1a8-7703-4c14-aa2c-de34affe7458,09d4be46-f2cd-497f-a34e-59037e71629a,13,MALE,4.94
bbe8c443-3233-4733-b16f-8d3169afb1b8,e5d5782d-c340-4247-ad2a-2d4afd7416bc,13,MALE,2.58
9828474e-1212-408b-befd-8cfed6c4b24e,e5d5782d-c340-4247-ad2a-2d4afd7416bc,13,MALE,3.7
7faed42a-4f88-4a4c-8b13-c2dc19fdd580,95d534e8-2fb8-41d0-abc9-37c05d42f43c,13,FEMALE,4.54
8685593a-7fd8-4cd7-9c78-68270fb03e81,6c6def20-7e38-499c-b02b-0a8eec1d9dc0,13,MALE,4.28
9b6249c3-02c6-443f-9709-28df0c2927ea,09d4be46-f2cd-497f-a34e-59037e71629a,7,MALE,4.91
99c20380-73fe-4e3f-a3db-2bb989d4dc3f,6c6def20-7e38-499c-b02b-0a8eec1d9dc0,13,MALE,4.18
396313b4-d02e-4c7e-8481-5bd3c04e5812,09d4be46-f2cd-497f-a34e-59037e71629a,13,MALE,3.44
f2d164e9-0436-4c4a-aa57-019afb7e0da4,09d4be46-f2cd-497f-a34e-59037e71629a,7,MALE,3.49
bb2d1226-c850-4f61-aef6-a58c172f05e3,f5593915-51c1-4da9-8fca-68ee614095ba,13,FEMALE,4.41
c6c1c0f2-27f6-41da-b8dc-5c198855a2fc,09d4be46-f2cd-497f-a34e-59037e71629a,3,MALE,2.59
7042ba12-1665-46ec-acfd-c464b50c5f00,95d534e8-2fb8-41d0-abc9-37c05d42f43c,7,MALE,4.06
0f82fe30-45e0-457d-becc-d26b1ab5cf3c,b9aa36eb-28bf-4194-8067-a5acfe711d35,17,MALE,2.91
decbf0f4-3043-46f6-8582-b1f3cc7dfa52,0f6dfd32-de57-4241-a71a-8ade7ca395f6,13,FEMALE,4.78
6508b722-3fdf-4434-95ed-7ee3d9c0b7da,f5593915-51c1-4da9-8fca-68ee614095ba,3,FEMALE,4.87
61e104aa-a065-48e4-9935-4c9d0605ac35,f5593915-51c1-4da9-8fca-68ee614095ba,3,MALE,4.5
9a9975ad-2d5e-4791-8b8e-86aa54fc87cb,0f6dfd32-de57-4241-a71a-8ade7ca395f6,7,MALE,4.1
303532fc-da0c-4ba9-9ad4-bb1c3593e262,b66e0c1b-1937-4e6e-aee2-65b89da8da21,7,FEMALE,2.56
549478fa-6ffe-4b2d-b682-1c17ff34bf3a,e5d5782d-c340-4247-ad2a-2d4afd7416bc,3,FEMALE,3.18
fc84e861-241b-45b9-ba74-7d05dcce05f9,0f6dfd32-de57-4241-a71a-8ade7ca395f6,13,MALE,3.7
694bfe2f-4e85-4919-bc78-3cb600c6fbef,b9aa36eb-28bf-4194-8067-a5acfe711d35,7,MALE,4.7
a9d803ae-10a9-4c5c-a721-365e8e4c3263,e5d5782d-c340-4247-ad2a-2d4afd7416bc,13,MALE,4.94
5c504898-0ae6-429f-b716-41453720a3cb,b66e0c1b-1937-4e6e-aee2-65b89da8da21,7,FEMALE,2.53
12a87d6b-d88d-408f-8859-6c2d7fe24324,6c6def20-7e38-499c-b02b-0a8eec1d9dc0,3,FEMALE,4.68
2e6e0582-3dd7-4da7-b019-5d9a0f6e1e47,e5d5782d-c340-4247-ad2a-2d4afd7416bc,17,MALE,3.18
1610b095-25af-415c-b67d-834efe3a47fe,f5593915-51c1-4da9-8fca-68ee614095ba,7,FEMALE,4.44
a775938d-7377-44c9-827a-1f504ffa2c37,e5d5782d-c340-4247-ad2a-2d4afd7416bc,17,MALE,3.41
e0dc122f-609f-435f-ad22-7e4070d2f4b4,27791a38-0fa3-4311-87c9-09e621f02677,7,MALE,4.27
2883e606-35a9-4431-8079-49dcd7f0f747,95d534e8-2fb8-41d0-abc9-37c05d42f43c,3,MALE,3.07
18d1e0a9-4553-43f3-bac6-c50501bc5350,b66e0c1b-1937-4e6e-aee2-65b89da8da21,7,FEMALE,3.93
b5dfdbd2-8a0e-4b65-ad42-ba06f6d3b0de,0f6dfd32-de57-4241-a71a-8ade7ca395f6,7,MALE,4.19
9fb37c39-5ab2-4243-957b-204ae7a02ecb,b9aa36eb-28bf-4194-8067-a5acfe711d35,7,MALE,3.04
246fa7c8-2268-475b-9486-f15d2b487e3b,6c6def20-7e38-499c-b02b-0a8eec1d9dc0,7,MALE,2.86
74e75a95-7460-4c23-a47a-9b75fae75f18,e5d5782d-c340-4247-ad2a-2d4afd7416bc,13,MALE,3.67
0c67f898-edbb-4693-b535-d1e8ad084dde,09d4be46-f2cd-497f-a34e-59037e71629a,13,MALE,3.88
d05dbf41-4f42-41e9-9515-a9b63b12b027,b66e0c1b-1937-4e6e-aee2-65b89da8da21,13,FEMALE,4.59
cdc31133-4115-4d17-b58e-62bcf530b9d6,e5d5782d-c340-4247-ad2a-2d4afd7416bc,17,FEMALE,4.48
8393137a-0bef-4848-97a4-a69bed6b62d2,b9aa36eb-28bf-4194-8067-a5acfe711d35,7,FEMALE,4.41
9ad2391a-c908-4cd6-822e-ae273b511cb3,e5d5782d-c340-4247-ad2a-2d4afd7416bc,7,MALE,3.2
3529fc2d-4c6f-4a82-b40a-4b3dd7004fee,0f6dfd32-de57-4241-a71a-8ade7ca395f6,13,MALE,3.99
264a3f7b-8bd6-4352-873d-29d563e68374,f5593915-51c1-4da9-8fca-68ee614095ba,7,MALE,4.1
9509a0ec-7f56-43b8-9f39-463371d099a6,f5593915-51c1-4da9-8fca-68ee614095ba,7,MALE,3.85
8a420235-7204-4f07-9797-f867cd7c1e9d,27791a38-0fa3-4311-87c9-09e621f02677,7,FEMALE,3.14
d81b969f-6c56-4558-8770-6ff38963eabf,b66e0c1b-1937-4e6e-aee2-65b89da8da21,13,FEMALE,3.23
4de42477-d02d-4ade-a2aa-96bcda1f5623,b66e0c1b-1937-4e6e-aee2-65b89da8da21,7,MALE,3.17
4ae90c2f-a001-4046-8c65-0bd13fad377d,e5d5782d-c340-4247-ad2a-2d4afd7416bc,7,MALE,2.93
c49be475-df4c-4f34-8a9a-707737bde9e5,95d534e8-2fb8-41d0-abc9-37c05d42f43c,7,MALE,3.47
571abc6b-dd47-43ca-911c-0a75a3ddbb7d,b66e0c1b-1937-4e6e-aee2-65b89da8da21,3,MALE,3.55
8f90a9d5-70cb-43f4-bfcb-92ceac500aae,b66e0c1b-1937-4e6e-aee2-65b89da8da21,18,FEMALE,2.93
db277722-7a36-4e11-8d7c-b42c6f40486a,b66e0c1b-1937-4e6e-aee2-65b89da8da21,7,FEMALE,3.32
85e1d0de-0f76-489b-b17f-17949e8573e6,b66e0c1b-1937-4e6e-aee2-65b89da8da21,13,FEMALE,3.83
571defb5-7dfd-4ec2-90f9-4acd380b2f6c,6c6def20-7e38-499c-b02b-0a8eec1d9dc0,13,MALE,3.88
b4ff152f-407b-4117-915b-54d9ca91b12b,b9aa36eb-28bf-4194-8067-a5acfe711d35,7,MALE,2.92
0d71d0a8-ad07-4982-a903-28f4e334629d,09d4be46-f2cd-497f-a34e-59037e71629a,3,MALE,3.69
3d31f782-9506-4f4c-b55c-b44c11c525b2,27791a38-0fa3-4311-87c9-09e621f02677,18,MALE,3.06
4341cc12-c928-45e3-b540-b21d4a8e0935,0f6dfd32-de57-4241-a71a-8ade7ca395f6,3,MALE,2.9
660b7db2-24a2-4ae0-8ee6-dfde1b516095,09d4be46-f2cd-497f-a34e-59037e71629a,7,MALE,4.97
76af1403-8d66-4c54-be94-9e8051ad31c5,f5593915-51c1-4da9-8fca-68ee614095ba,7,MALE,3.41
6b848ec3-c9d5-4b8b-9649-f483d9475981,09d4be46-f2cd-497f-a34e-59037e71629a,7,MALE,3.3
f97b092c-63b6-45cf-b300-e8f459f03981,0f6dfd32-de57-4241-a71a-8ade7ca395f6,3,MALE,2.91
8335db1c-0a21-4d9a-968c-634973246396,0f6dfd32-de57-4241-a71a-8ade7ca395f6,7,MALE,4.49
0636a798-47e3-4f2e-b977-353b849f2045,27791a38-0fa3-4311-87c9-09e621f02677,13,FEMALE,3.91
9d08b20a-f19c-4689-a8bc-0499ebf825ca,e5d5782d-c340-4247-ad2a-2d4afd7416bc,17,MALE,3.08
e0351782-a0a8-4f4f-90bc-6012f30ef581,6c6def20-7e38-499c-b02b-0a8eec1d9dc0,17,MALE,4.82
15a0c413-be80-479f-8db2-16d37f43a0c2,27791a38-0fa3-4311-87c9-09e621f02677,13,FEMALE,3.41
e634ad8e-25bc-454d-bf6e-7c183b4c5d0a,27791a38-0fa3-4311-87c9-09e621f02677,7,FEMALE,3.1
d0ecf197-eb9c-4bdf-94ab-b86cfdf95b41,27791a38-0fa3-4311-87c9-09e621f02677,3,FEMALE,3.05
8d16f584-8f08-406e-8731-a315468abce4,0f6dfd32-de57-4241-a71a-8ade7ca395f6,7,MALE,3.61
67da7910-1782-475a-9136-ba7103b77ce9,95d534e8-2fb8-41d0-abc9-37c05d42f43c,3,MALE,3.89
edc5b550-e70b-4956-bc9e-fa897b958634,e5d5782d-c340-4247-ad2a-2d4afd7416bc,18,MALE,3.57
b371f593-908f-49a4-8fb3-c2b601d84877,b66e0c1b-1937-4e6e-aee2-65b89da8da21,18,FEMALE,2.6
d02d11cd-b6b6-49d6-bcc2-64c7a9e02d31,27791a38-0fa3-4311-87c9-09e621f02677,7,MALE,2.6
d8d14fb7-41cb-4a31-b347-86229e9dacef,27791a38-0fa3-4311-87c9-09e621f02677,13,FEMALE,3.19
8406e133-25b6-41de-a579-36ea4a16063b,b9aa36eb-28bf-4194-8067-a5acfe711d35,7,MALE,3.2
45f16e92-4361-4bc6-a357-f6bbdfc65bc7,0f6dfd32-de57-4241-a71a-8ade7ca395f6,3,MALE,4.13
e6e44d45-961f-484d-ab77-a1085f7e3c08,0f6dfd32-de57-4241-a71a-8ade7ca395f6,13,MALE,3.68
67e03ace-90b7-4c30-a7a3-a3345e09cb93,e5d5782d-c340-4247-ad2a-2d4afd7416bc,13,MALE,3.37
d36e53c8-4ed5-4c3d-b665-4ea769633a12,27791a38-0fa3-4311-87c9-09e621f02677,3,FEMALE,4.09
74caa810-313d-4069-abdf-0364d4721959,f5593915-51c1-4da9-8fca-68ee614095ba,7,FEMALE,3.5
9e868a27-5dc4-4daa-856a-b3b1df63d9f2,6c6def20-7e38-499c-b02b-0a8eec1d9dc0,13,MALE,2.84
03951738-0be2-4b50-b5bc-8176893a60dd,0f6dfd32-de57-4241-a71a-8ade7ca395f6,7,FEMALE,4.23
b245ec4b-e073-434e-9008-51d2de6b7da9,6c6def20-7e38-499c-b02b-0a8eec1d9dc0,3,FEMALE,4.38
7354f1d4-9b9c-444a-9dfb-63922b5c77d0,0f6dfd32-de57-4241-a71a-8ade7ca395f6,7,MALE,3.12
028349b8-485e-4679-80e4-0691ba763aaa,b66e0c1b-1937-4e6e-aee2-65b89da8da21,3,MALE,3.75
e9874554-d9d9-4d3e-a7d1-b2c3dd18a4ea,95d534e8-2fb8-41d0-abc9-37c05d42f43c,7,FEMALE,4.89
21b89e62-9458-4627-9b59-bb1346d5fdcf,b66e0c1b-1937-4e6e-aee2-65b89da8da21,13,FEMALE,3.11
cde7cdec-7629-4b57-95cb-a0ba91b3f977,27791a38-0fa3-4311-87c9-09e621f02677,7,FEMALE,3.25
7894f80e-fd1d-42ce-864e-943254e72198,6c6def20-7e38-499c-b02b-0a8eec1d9dc0,13,MALE,4.12
dc699590-7f5b-4ee9-bea1-13fd1e60aa7c,b66e0c1b-1937-4e6e-aee2-65b89da8da21,13,FEMALE,3.14
8d434bc5-c6b6-4293-90c1-3e270dad764b,f5593915-51c1-4da9-8fca-68ee614095ba,7,MALE,3.27
39d6903b-25d7-4e6e-9121-53a8e76ad0c1,95d534e8-2fb8-41d0-abc9-37c05d42f43c,17,MALE,3.63
421b75c2-7c4f-42ff-b1b0-377cc9693451,0f6dfd32-de57-4241-a71a-8ade7ca395f6,13,FEMALE,4.42
0d73a301-f18a-4c48-9373-8c64d124362f,f5593915-51c1-4da9-8fca-68ee614095ba,13,MALE,4.36
8bc707d4-1ec4-460b-a596-e7408c713129,0f6dfd32-de57-4241-a71a-8ade7ca395f6,7,MALE,3.22
913b1e3c-258a-4205-bfd5-e02b8ee74ee1,0f6dfd32-de57-4241-a71a-8ade7ca395f6,3,MALE,4.35
f5551b70-d55e-4ff8-8cd7-add62613987f,b66e0c1b-1937-4e6e-aee2-65b89da8da21,13,FEMALE,3.77
22d6bc19-ed89-4565-a149-dcb6361e71ca,95d534e8-2fb8-41d0-abc9-37c05d42f43c,3,MALE,4.98
1e93a288-bc02-46a9-a748-a767289e123a,b66e0c1b-1937-4e6e-aee2-65b89da8da21,13,FEMALE,3.09
2519b898-6697-439a-b2d0-e21f5612b19e,b9aa36eb-28bf-4194-8067-a5acfe711d35,7,MALE,3.74
bf9522f4-2679-467f-9ed9-b806c0c921d1,27791a38-0fa3-4311-87c9-09e621f02677,7,MALE,3.18
f5cb63a6-d39a-413e-b81c-15fa4da1bfe4,0f6dfd32-de57-4241-a71a-8ade7ca395f6,3,MALE,2.82
7dcedf8c-a811-4f22-bac7-fb69227c2bd2,e5d5782d-c340-4247-ad2a-2d4afd7416bc,3,MALE,3.43
e185b9e2-fea9-425e-9105-9547600b875c,b66e0c1b-1937-4e6e-aee2-65b89da8da21,3,MALE,3.13
15b40251-1424-477a-9784-35e3f9dd49a9,e5d5782d-c340-4247-ad2a-2d4afd7416bc,3,MALE,2.86
6b236fde-718f-4283-af7a-a823051bd635,95d534e8-2fb8-41d0-abc9-37c05d42f43c,3,MALE,4.62
66b8bd8a-da94-4df3-ab95-e92d9fbb6ec7,27791a38-0fa3-4311-87c9-09e621f02677,7,FEMALE,2.54
809b9044-a815-4c60-9061-2d91295d4e13,b9aa36eb-28bf-4194-8067-a5acfe711d35,3,MALE,3.81
8ec2d938-8fa7-4e94-9cc4-1173c5e7d593,09d4be46-f2cd-497f-a34e-59037e71629a,7,MALE,3.45
015b7b17-664c-4cec-8e9c-0a39602191ea,b66e0c1b-1937-4e6e-aee2-65b89da8da21,7,FEMALE,3.5
b496994e-4991-43e3-b7f9-10c2e669053e,27791a38-0fa3-4311-87c9-09e621f02677,3,FEMALE,3.33
10c2dbe9-4073-4243-9138-4daf58b26f1d,f5593915-51c1-4da9-8fca-68ee614095ba,13,MALE,3.3
956339a9-89f4-43bb-ac44-13bb4f78c840,b9aa36eb-28bf-4194-8067-a5acfe711d35,3,MALE,4.09
eaa65c0a-3fa0-43ec-8c47-da8381b5c275,b66e0c1b-1937-4e6e-aee2-65b89da8da21,3,FEMALE,4.63
6633ffc4-d6fc-4415-a6bf-80d3b6f2b15b,f5593915-51c1-4da9-8fca-68ee614095ba,17,MALE,3.31
dfca63f0-1a6b-42f3-98cd-3c2b8cdcfd07,6c6def20-7e38-499c-b02b-0a8eec1d9dc0,17,MALE,4.21
d9c76df7-a447-4790-9206-2a03872d7c73,95d534e8-2fb8-41d0-abc9-37c05d42f43c,13,MALE,2.86
922e1ab8-6c15-4dcd-9e0f-5c88181ed2bf,b66e0c1b-1937-4e6e-aee2-65b89da8da21,7,MALE,3.92
d667785c-9539-4fc7-8e31-3467656ce41f,f5593915-51c1-4da9-8fca-68ee614095ba,7,MALE,2.65
b8381c65-e64a-4f42-8c35-d901fd898741,f5593915-51c1-4da9-8fca-68ee614095ba,3,MALE,2.57
001fa55d-6fc0-4cd5-8411-4ea6dc9b7d70,95d534e8-2fb8-41d0-abc9-37c05d42f43c,13,MALE,4.35
3585de25-fed2-4c43-81bb-250f779599e4,f5593915-51c1-4da9-8fca-68ee614095ba,3,MALE,2.94
49be0d83-ab0b-46aa-8185-f7706de30e01,b66e0c1b-1937-4e6e-aee2-65b89da8da21,18,FEMALE,3.0
6cd5780b-ba0c-4ff3-850b-05590a0e6708,27791a38-0fa3-4311-87c9-09e621f02677,7,FEMALE,2.95
9677163b-e4d7-4933-ab81-75aac21d3696,09d4be46-f2cd-497f-a34e-59037e71629a,3,MALE,4.05
6e279cbb-4785-47db-a6f8-ebd6a2c1988c,b9aa36eb-28bf-4194-8067-a5acfe711d35,3,MALE,4.66
86dfe9d4-5afa-481f-8808-9918ac44c9c2,09d4be46-f2cd-497f-a34e-59037e71629a,18,MALE,4.85
53754890-0876-4975-951a-3b5ec4c38ef7,b66e0c1b-1937-4e6e-aee2-65b89da8da21,13,FEMALE,3.47
aa1d2028-f645-4b30-84a6-be07d1746c99,09d4be46-f2cd-497f-a34e-59037e71629a,7,MALE,4.52
433b5e1a-209f-4b35-9504-6f22dbccd5f0,95d534e8-2fb8-41d0-abc9-37c05d42f43c,7,MALE,3.48
bfb7e66c-ae95-4439-a79a-fc04c88a0ed8,f5593915-51c1-4da9-8fca-68ee614095ba,7,MALE,4.62
1e4d4430-cb61-4178-9175-2929a6821541,b9aa36eb-28bf-4194-8067-a5acfe711d35,7,MALE,3.79
51428db1-0d82-46db-88d2-004fd9e147f3,0f6dfd32-de57-4241-a71a-8ade7ca395f6,3,MALE,4.09
b2b67e74-90b8-4735-b95d-b22df328b126,f5593915-51c1-4da9-8fca-68ee614095ba,3,MALE,4.68
3d106877-59fb-46fa-85a5-78b35ff9e8a2,6c6def20-7e38-499c-b02b-0a8eec1d9dc0,3,MALE,4.17
a3a621fe-833a-4117-96b3-5f4ffbca5b54,27791a38-0fa3-4311-87c9-09e621f02677,7,FEMALE,2.92
974778f1-8fb3-4468-a198-d921e366d6e7,e5d5782d-c340-4247-ad2a-2d4afd7416bc,7,MALE,3.65
f3a77f78-b867-4d80-aa24-35b381de446f,09d4be46-f2cd-497f-a34e-59037e71629a,13,MALE,3.23
0f822888-b1d1-4b62-8491-e16a87cf3176,6c6def20-7e38-499c-b02b-0a8eec1d9dc0,18,MALE,2.98
3efae065-f34b-4467-a052-5254eb69ea1c,e5d5782d-c340-4247-ad2a-2d4afd7416bc,7,MALE,4.46
a3d5c373-80cd-45ed-966a-d0a2cbf92e8c,e5d5782d-c340-4247-ad2a-2d4afd7416bc,7,FEMALE,4.64
62d84bbe-ebf8-4e92-9492-b0b3e5aa98ae,95d534e8-2fb8-41d0-abc9-37c05d42f43c,3,MALE,4.42
f04c69ab-0ae6-49ac-b8cb-6d9fdce18136,95d534e8-2fb8-41d0-abc9-37c05d42f43c,18,MALE,2.99
e27c6936-cc01-4507-ba2c-70fd5e758813,09d4be46-f2cd-497f-a34e-59037e71629a,18,MALE,3.69
97864a6b-0b8d-47bc-9338-1085bd25d59d,6c6def20-7e38-499c-b02b-0a8eec1d9dc0,3,FEMALE,4.01
1edabb65-ba6e-40b1-93ec-ffebe9e0dda1,f5593915-51c1-4da9-8fca-68ee614095ba,7,MALE,4.92
9799b355-f2d7-459b-ab6f-0402af253bcb,95d534e8-2fb8-41d0-abc9-37c05d42f43c,3,MALE,4.26
bae3ebae-95fa-49f4-ace5-21d239d82a1e,6c6def20-7e38-499c-b02b-0a8eec1d9dc0,7,FEMALE,3.36
c3829d48-1c5f-4d06-841f-7d700a4bda75,95d534e8-2fb8-41d0-abc9-37c05d42f43c,3,MALE,3.13
e874238e-c10a-4ee6-8ec2-404830a3f790,09d4be46-f2cd-497f-a34e-59037e71629a,17,MALE,4.13
8d63e682-c3f8-41d3-b635-5ebccca19d5a,6c6def20-7e38-499c-b02b-0a8eec1d9dc0,7,MALE,4.17
e4084bce-019e-45bb-a8f4-a091646e49de,0f6dfd32-de57-4241-a71a-8ade7ca395f6,18,MALE,4.07
d593ab80-f8c7-4dcf-8a4e-dd3d4d15c4a3,95d534e8-2fb8-41d0-abc9-37c05d42f43c,7,MALE,3.99
c3badb4e-710a-4c0a-a122-d101879a9290,6c6def20-7e38-499c-b02b-0a8eec1d9dc0,3,MALE,3.29
546af45c-4d3a-4615-96c6-0ac22f5db536,b9aa36eb-28bf-4194-8067-a5acfe711d35,13,MALE,4.06
689a26eb-15a6-4947-b452-5ec821b21807,95d534e8-2fb8-41d0-abc9-37c05d42f43c,7,MALE,3.12
bc529292-2fdc-4d21-bf1c-aac0c5dbb207,6c6def20-7e38-499c-b02b-0a8eec1d9dc0,3,FEMALE,4.6
2869eec3-6783-4546-8755-311f27ff0342,b66e0c1b-1937-4e6e-aee2-65b89da8da21,13,FEMALE,4.44
1d5ce087-0fe8-477f-9d7a-91d97a6d8eef,b9aa36eb-28bf-4194-8067-a5acfe711d35,18,MALE,3.65
e9e603c5-9454-401a-af69-692bb2571f22,27791a38-0fa3-4311-87c9-09e621f02677,13,MALE,4.93
35b1c8bc-5e3c-40eb-83ac-75e5012aeba4,0f6dfd32-de57-4241-a71a-8ade7ca395f6,3,MALE,4.76
bc4b1946-0d43-447c-8785-74857aba94dc,e5d5782d-c340-4247-ad2a-2d4afd7416bc,7,MALE,4.89
2c6f64d4-8460-4d9a-a07f-32903c77f4cf,09d4be46-f2cd-497f-a34e-59037e71629a,3,MALE,4.92
48b8a470-3108-4375-b4fc-dbd57094b849,0f6dfd32-de57-4241-a71a-8ade7ca395f6,7,MALE,3.62
5355b69d-f000-458e-85e4-4770008b9274,27791a38-0fa3-4311-87c9-09e621f02677,3,MALE,4.42
cccadbe1-f7e4-4b0b-acc3-70080d49de37,0f6dfd32-de57-4241-a71a-8ade7ca395f6,7,MALE,3.47
fbdb1737-4f85-4d96-8f33-47d636692fab,09d4be46-f2cd-497f-a34e-59037e71629a,7,MALE,3.01
7910b2ce-b071-4c50-ae55-b265ab2a44db,b9aa36eb-28bf-4194-8067-a5acfe711d35,13,MALE,4.42
b68b0f2e-631c-4aaa-8113-feda32334bc4,0f6dfd32-de57-4241-a71a-8ade7ca395f6,13,MALE,3.55
36933922-8747-42c4-803a-98d838c31e76,95d534e8-2fb8-41d0-abc9-37c05d42f43c,13,FEMALE,3.99
2c637064-7469-4e88-88e2-62d59bd77139,b9aa36eb-28bf-4194-8067-a5acfe711d35,13,MALE,4.29
0a108560-39f9-44f5-a4dd-639668ee5a5d,27791a38-0fa3-4311-87c9-09e621f02677,13,FEMALE,4.82
1fc0b757-840f-40cc-9ebe-5d0376389993,b9aa36eb-28bf-4194-8067-a5acfe711d35,13,MALE,4.16
c6859b49-7279-48dd-8743-0f8a49254eb2,e5d5782d-c340-4247-ad2a-2d4afd7416bc,18,MALE,4.32
f6750af6-3d1e-407d-b63b-c424aadac16c,27791a38-0fa3-4311-87c9-09e621f02677,18,FEMALE,4.75
c9e2b65e-e421-41b6-97d8-676f0306f38b,e5d5782d-c340-4247-ad2a-2d4afd7416bc,13,MALE,2.77
978f53de-eb68-4657-bba0-c3ab56e2e868,95d534e8-2fb8-41d0-abc9-37c05d42f43c,7,MALE,4.55
ae32fe60-4644-4dcc-8887-625667811a9a,09d4be46-f2cd-497f-a34e-59037e71629a,18,MALE,4.88
aa2bbe26-1a23-454c-b62c-96c75d8a4ac1,95d534e8-2fb8-41d0-abc9-37c05d42f43c,7,MALE,4.38
bfb1cd93-8bf5-486f-bc1e-753c25749703,6c6def20-7e38-499c-b02b-0a8eec1d9dc0,3,FEMALE,3.8
1dda8702-472b-4c53-9f68-1ca7aaee310f,27791a38-0fa3-4311-87c9-09e621f02677,7,FEMALE,2.5
da68a37f-954d-49ba-b5b4-d09cc0225f06,6c6def20-7e38-499c-b02b-0a8eec1d9dc0,7,FEMALE,3.7
6f03d772-c322-45a7-9d70-642c8cc6f3ed,b66e0c1b-1937-4e6e-aee2-65b89da8da21,3,FEMALE,2.76
e456e460-36ac-47ef-b296-b8c41987007a,0f6dfd32-de57-4241-a71a-8ade7ca395f6,7,MALE,3.62
0d2d8866-ea28-4193-bf8a-48e2f1eac96b,b66e0c1b-1937-4e6e-aee2-65b89da8da21,13,FEMALE,3.77
35eebda9-91ae-489f-9d33-210cb49a173d,09d4be46-f2cd-497f-a34e-59037e71629a,7,MALE,4.24
af5774d4-826e-4ea9-a50b-faed447702a4,f5593915-51c1-4da9-8fca-68ee614095ba,3,MALE,4.52
2908b47a-c53f-446d-9396-fcb2fb902500,0f6dfd32-de57-4241-a71a-8ade7ca395f6,7,FEMALE,2.58
83077556-b803-4f69-a17b-764e4ce5985c,27791a38-0fa3-4311-87c9-09e621f02677,3,FEMALE,3.89
99db59a9-6fcd-43c6-a532-28e3e01346b0,e5d5782d-c340-4247-ad2a-2d4afd7416bc,3,MALE,4.76
c351ba2a-3cf0-4ecf-8687-4aef0a40b261,95d534e8-2fb8-41d0-abc9-37c05d42f43c,7,FEMALE,4.26
c9d92370-1d23-45bc-a846-8288949b38c0,09d4be46-f2cd-497f-a34e-59037e71629a,17,MALE,4.74
9c4a4a37-bbc0-4177-8520-c6f2cbc0e763,6c6def20-7e38-499c-b02b-0a8eec1d9dc0,3,MALE,4.06
0ac012d5-4374-4bd3-b459-e655f7d2d0fd,b66e0c1b-1937-4e6e-aee2-65b89da8da21,13,FEMALE,2.79
ab443418-0f07-46be-9b8d-50071567bb86,b9aa36eb-28bf-4194-8067-a5acfe711d35,13,FEMALE,3.13
86c52d2f-3dc9-48dd-9278-b4ddd368fb4f,0f6dfd32-de57-4241-a71a-8ade7ca395f6,3,FEMALE,4.38
f91edc50-20a3-4a7f-b117-4e173bde0f19,f5593915-51c1-4da9-8fca-68ee614095ba,7,MALE,3.08
2c7320f2-4769-4d48-a888-071c60df9da9,6c6def20-7e38-499c-b02b-0a8eec1d9dc0,7,FEMALE,4.51
64ef3b18-4719-491e-900b-98b9d70caa0c,f5593915-51c1-4da9-8fca-68ee614095ba,7,MALE,4.96
eae7bdb9-f167-4e75-9855-19ec6658a6db,b9aa36eb-28bf-4194-8067-a5acfe711d35,3,FEMALE,2.92
bf3c6c9b-a25b-4c9b-b563-fe61c2af965a,b9aa36eb-28bf-4194-8067-a5acfe711d35,17,MALE,4.68
3d0c31f1-a504-49ce-bc26-fbec0232ffce,0f6dfd32-de57-4241-a71a-8ade7ca395f6,3,MALE,4.94
862ec221-1feb-4b39-b651-fc09afafe795,27791a38-0fa3-4311-87c9-09e621f02677,13,MALE,4.66
06a36d0c-1ebb-4901-b8dd-0e04485c60b0,0f6dfd32-de57-4241-a71a-8ade7ca395f6,13,MALE,3.56
0162a4a8-c300-477f-8c71-b70c63d4692d,b9aa36eb-28bf-4194-8067-a5acfe711d35,3,MALE,3.87
c242815b-e66d-41e0-9c0c-40f134bd1c11,e5d5782d-c340-4247-ad2a-2d4afd7416bc,17,MALE,3.03
4185982c-b6bc-47e8-a75d-ff66885ff791,b66e0c1b-1937-4e6e-aee2-65b89da8da21,3,FEMALE,3.75
7d5f6c47-b009-481d-ab5b-d1b5b5581335,6c6def20-7e38-499c-b02b-0a8eec1d9dc0,7,FEMALE,3.18
1e183b8e-2ef3-41c4-9ec5-2cdff647e1d4,b9aa36eb-28bf-4194-8067-a5acfe711d35,13,MALE,2.74
178c87aa-d686-49fb-9621-7d6df6376ded,f5593915-51c1-4da9-8fca-68ee614095ba,13,MALE,4.01
32def4ca-66d9-4902-b561-bfe91215cb88,b66e0c1b-1937-4e6e-aee2-65b89da8da21,13,FEMALE,3.62
1da57219-6ece-402b-874c-9444a27142fc,27791a38-0fa3-4311-87c9-09e621f02677,13,MALE,3.36
0130ddba-ec38-4099-a576-b942d3418e89,6c6def20-7e38-499c-b02b-0a8eec1d9dc0,7,MALE,3.52
e210a810-fe40-4924-92ab-bee1612683e1,f5593915-51c1-4da9-8fca-68ee614095ba,13,FEMALE,3.14
cb0206b7-eff3-4ca6-8026-07b34aa0701e,f5593915-51c1-4da9-8fca-68ee614095ba,3,FEMALE,4.65
1f9e2d54-55fe-4217-8605-2ee81bf14e14,6c6def20-7e38-499c-b02b-0a8eec1d9dc0,17,FEMALE,3.46
7e307e4a-3d2f-4806-9f40-73cc52df973d,09d4be46-f2cd-497f-a34e-59037e71629a,7,MALE,4.24
bd8ceec9-7820-4c7d-a6fe-479521884e99,09d4be46-f2cd-497f-a34e-59037e71629a,17,MALE,4.21
91e5d84e-5d53-4ed0-9140-f7fcba7d21e5,09d4be46-f2cd-497f-a34e-59037e71629a,3,MALE,3.64
2f2ad4f8-bbd1-4ce3-ae66-80bbeadc9400,f5593915-51c1-4da9-8fca-68ee614095ba,7,MALE,2.96
723229a2-236e-4239-a024-95af643cfe56,09d4be46-f2cd-497f-a34e-59037e71629a,3,MALE,4.93
11b1ed96-c9f4-4957-9952-56da023e04ee,09d4be46-f2cd-497f-a34e-59037e71629a,13,MALE,4.11
7badf877-5a2b-4a8f-afed-c4ae605b5009,b9aa36eb-28bf-4194-8067-a5acfe711d35,3,MALE,3.21
d2eb580a-6d5b-45b8-a709-6e3f5bff4865,b66e0c1b-1937-4e6e-aee2-65b89da8da21,7,FEMALE,3.61
c3595fc8-6796-4322-a2fc-669508d54a2f,6c6def20-7e38-499c-b02b-0a8eec1d9dc0,13,MALE,2.89
aead4192-a7d3-42a7-9fae-d4946f20a9d6,27791a38-0fa3-4311-87c9-09e621f02677,3,MALE,2.88
0c188a2c-b5ce-4b70-b558-b7a4b7d8d278,95d534e8-2fb8-41d0-abc9-37c05d42f43c,13,MALE,4.05
b67b85e9-c141-4b03-a197-cde66d90f799,95d534e8-2fb8-41d0-abc9-37c05d42f43c,7,MALE,3.86
e48a56ef-3404-46d1-bba2-3b5f0218eb84,0f6dfd32-de57-4241-a71a-8ade7ca395f6,13,MALE,4.94
ace381e9-7572-44be-9e94-48f0de24a95d,e5d5782d-c340-4247-ad2a-2d4afd7416bc,17,MALE,2.65
ba1be44d-921e-4031-bc40-ef778dc7e9b0,e5d5782d-c340-4247-ad2a-2d4afd7416bc,13,MALE,4.95
7601b943-f351-4b5e-a11e-7cea3415ca52,b66e0c1b-1937-4e6e-aee2-65b89da8da21,3,FEMALE,4.81
571d12a7-143e-4460-b7d0-8e2d0e9ce608,6c6def20-7e38-499c-b02b-0a8eec1d9dc0,3,MALE,4.87
537807ef-fb3f-4561-b788-bf7d0bd241b9,27791a38-0fa3-4311-87c9-09e621f02677,13,MALE,4.61
db07c0fc-64d5-406a-b1b3-0b577aa5568c,e5d5782d-c340-4247-ad2a-2d4afd7416bc,7,FEMALE,4.22
b072b531-dfa1-4889-a716-09ba4fe81530,6c6def20-7e38-499c-b02b-0a8eec1d9dc0,7,FEMALE,3.52
3ccf4e0c-bce5-4648-bbb5-b95f741255fe,27791a38-0fa3-4311-87c9-09e621f02677,3,FEMALE,3.87
912df849-2079-471c-8425-c20885b8df15,6c6def20-7e38-499c-b02b-0a8eec1d9dc0,17,MALE,2.53
50210d96-ed53-477b-8df1-6557eda2a019,6c6def20-7e38-499c-b02b-0a8eec1d9dc0,7,MALE,2.97
bf8577b1-189f-4bbf-bc96-a2f3b772a7ec,27791a38-0fa3-4311-87c9-09e621f02677,7,MALE,4.74
716a9c47-fe7a-400b-8286-21c4460a3f32,f5593915-51c1-4da9-8fca-68ee614095ba,13,MALE,4.3
f6fcd7fd-d08d-4dd6-b3fa-7cd16f76e28a,27791a38-0fa3-4311-87c9-09e621f02677,7,MALE,4.02
95c04aa0-5fbb-47c2-ace5-61540f8208f7,e5d5782d-c340-4247-ad2a-2d4afd7416bc,7,MALE,3.1
8cb9e979-3ef8-4070-ab08-dd606c87ed15,27791a38-0fa3-4311-87c9-09e621f02677,3,FEMALE,4.87
67d839cf-b0a5-4929-b12f-b6c92b0ce1c1,27791a38-0fa3-4311-87c9-09e621f02677,7,FEMALE,4.21
8f3cccea-2e99-408a-b91e-1f17e8c230f2,e5d5782d-c340-4247-ad2a-2d4afd7416bc,17,MALE,3.18
f5dd55c1-d68c-46ca-95e2-2406655e8be4,b66e0c1b-1937-4e6e-aee2-65b89da8da21,13,FEMALE,4.22
a670b40b-d590-473e-838b-9ecef2d61326,e5d5782d-c340-4247-ad2a-2d4afd7416bc,7,MALE,3.92
dd34c797-4dca-4e57-a905-2c22566f441a,6c6def20-7e38-499c-b02b-0a8eec1d9dc0,13,FEMALE,4.78
88b6c729-4d73-44d1-947c-6388bf3bbc16,b9aa36eb-28bf-4194-8067-a5acfe711d35,7,MALE,3.75
6b167fe3-4390-4c07-b9fc-62ad6beebf5c,e5d5782d-c340-4247-ad2a-2d4afd7416bc,3,MALE,2.79
c2ad8ea0-c30c-4d37-aec0-08c168fbce86,e5d5782d-c340-4247-ad2a-2d4afd7416bc,7,MALE,4.65
5027883e-16ac-4f31-95aa-034b03aa11c3,09d4be46-f2cd-497f-a34e-59037e71629a,7,MALE,2.98
6ce2cafa-5d0a-4fef-b491-15234c731a9a,e5d5782d-c340-4247-ad2a-2d4afd7416bc,3,MALE,3.96
3297b6a0-36fa-4b86-95b9-6b7258fd881d,0f6dfd32-de57-4241-a71a-8ade7ca395f6,3,MALE,2.99
d2726295-8b49-4cbd-ab13-7c85246bf588,e5d5782d-c340-4247-ad2a-2d4afd7416bc,7,MALE,4.52
52d43d8c-fae9-4eb8-9793-168f8a076e12,b66e0c1b-1937-4e6e-aee2-65b89da8da21,13,FEMALE,4.59
45414b67-b24c-4ed3-8f5a-49840f460117,09d4be46-f2cd-497f-a34e-59037e71629a,7,MALE,3.05
4b44279d-3ee6-49d3-b815-ab4955f06925,09d4be46-f2cd-497f-a34e-59037e71629a,18,MALE,2.72
e670b681-5a45-400e-99e0-6d47d6b034f0,b66e0c1b-1937-4e6e-aee2-65b89da8da21,18,FEMALE,4.18
d8b7bab3-0c0b-4ab2-927b-5993099b8f63,b66e0c1b-1937-4e6e-aee2-65b89da8da21,7,FEMALE,2.86
697ff57c-068f-4f87-a6e9-f30c4f62bbb1,6c6def20-7e38-499c-b02b-0a8eec1d9dc0,13,FEMALE,3.26
f70a476d-7aea-45f0-8e20-22d70e4f190b,b9aa36eb-28bf-4194-8067-a5acfe711d35,7,MALE,4.21
0c1cfc5b-9d8a-4d57-b555-b3ee58e60faa,b9aa36eb-28bf-4194-8067-a5acfe711d35,3,MALE,3.36
cc18b17e-e0b8-4bfe-8a91-3e51dad22a9a,09d4be46-f2cd-497f-a34e-59037e71629a,7,MALE,3.59
ad1a6898-8026-4fa8-983e-c40fc568ccea,b9aa36eb-28bf-4194-8067-a5acfe711d35,7,MALE,4.01
ff318374-93c9-4ec8-976f-f5e0dbdd02f5,0f6dfd32-de57-4241-a71a-8ade7ca395f6,7,MALE,4.08
71f20e00-c045-4a94-9627-2c04abefcff6,27791a38-0fa3-4311-87c9-09e621f02677,13,MALE,3.63
c84b2f5f-5c53-4483-9c70-2fac058980da,09d4be46-f2cd-497f-a34e-59037e71629a,7,MALE,4.25
db008d79-551a-4ebb-b9ed-0f31e3ddabc3,27791a38-0fa3-4311-87c9-09e621f02677,7,FEMALE,4.92
e59e612c-87b5-4ef2-9083-2245b75e5fc6,f5593915-51c1-4da9-8fca-68ee614095ba,7,MALE,4.2
88a514d6-3ee8-4d8d-91a6-562d19c3c5b4,6c6def20-7e38-499c-b02b-0a8eec1d9dc0,17,FEMALE,4.06
6715bb4d-6e07-47a0-adc5-30e275432b99,95d534e8-2fb8-41d0-abc9-37c05d42f43c,3,MALE,4.94
65f2d15a-add7-4c0a-9fea-fab6eeaf9050,27791a38-0fa3-4311-87c9-09e621f02677,13,FEMALE,3.38
6546cafb-82bc-4a9c-b85c-54fa53ef3254,27791a38-0fa3-4311-87c9-09e621f02677,7,FEMALE,4.28
922e237c-d715-45a5-8d69-fe6562607ac8,e5d5782d-c340-4247-ad2a-2d4afd7416bc,7,MALE,3.28
6813e18c-c857-43ae-818f-1608e6133d43,6c6def20-7e38-499c-b02b-0a8eec1d9dc0,3,MALE,2.92
95b29b69-34e1-46cf-998e-73b104fe511f,27791a38-0fa3-4311-87c9-09e621f02677,7,MALE,4.44
c26c49f5-f7f8-4bf0-b65e-7080377964e4,6c6def20-7e38-499c-b02b-0a8eec1d9dc0,3,MALE,4.99
23ef7e8b-acef-444b-bb45-32c29eb1369c,b66e0c1b-1937-4e6e-aee2-65b89da8da21,17,FEMALE,3.76
17f71509-acfd-417d-8212-0d0fdce30fe6,27791a38-0fa3-4311-87c9-09e621f02677,3,MALE,2.6
a85d03b3-f442-423b-ac70-f132cda93e53,27791a38-0fa3-4311-87c9-09e621f02677,18,FEMALE,2.88
caf33d30-623d-4a24-a02a-d47c600768a4,27791a38-0fa3-4311-87c9-09e621f02677,7,FEMALE,4.94
e5a54054-91fa-41af-abc4-f71e3c693e31,27791a38-0fa3-4311-87c9-09e621f02677,7,FEMALE,4.31
db93ea43-8051-474b-b129-9faad7ee5c21,f5593915-51c1-4da9-8fca-68ee614095ba,7,MALE,3.23
d121b5b0-fe5b-430f-bd87-82b9e1a737b0,b66e0c1b-1937-4e6e-aee2-65b89da8da21,3,FEMALE,3.86
c5aef2a2-68c3-44e8-9ae5-bd1731a6ea78,95d534e8-2fb8-41d0-abc9-37c05d42f43c,3,MALE,4.86
3f63bef6-983e-41b3-8fd7-60743c68e182,b9aa36eb-28bf-4194-8067-a5acfe711d35,3,MALE,3.86
620adbd7-e217-482a-8a8b-25191db796c1,e5d5782d-c340-4247-ad2a-2d4afd7416bc,17,MALE,3.75
ab48217a-5bdd-4883-8cc7-db93ae2036bd,27791a38-0fa3-4311-87c9-09e621f02677,7,FEMALE,4.75
ab1ed913-eab9-43e4-a9aa-ee51e7e10c0b,27791a38-0fa3-4311-87c9-09e621f02677,3,FEMALE,2.54
98df3338-faf8-4197-a492-aed8040c145c,b66e0c1b-1937-4e6e-aee2-65b89da8da21,7,MALE,2.51
fac070cf-fb6b-4c05-bbb8-da8b31eb4439,f5593915-51c1-4da9-8fca-68ee614095ba,7,MALE,3.88
76c36c67-6998-4a9e-bf6d-2611665bd21a,6c6def20-7e38-499c-b02b-0a8eec1d9dc0,3,FEMALE,4.71
e7d4dadd-7b4d-4fa2-a9ca-48c540822493,27791a38-0fa3-4311-87c9-09e621f02677,18,FEMALE,4.71
ac7c60ef-d668-4f60-ac58-6780e575a458,09d4be46-f2cd-497f-a34e-59037e71629a,3,MALE,3.74
18b8e77a-ddd4-43f6-a9c1-99d7d03e49b1,95d534e8-2fb8-41d0-abc9-37c05d42f43c,17,MALE,3.3
c8b8bf66-98b7-467a-adc2-9e33343ad007,f5593915-51c1-4da9-8fca-68ee614095ba,13,MALE,2.79
8bdcc1bb-d4e7-4534-8ce1-a0abbb5024b0,09d4be46-f2cd-497f-a34e-59037e71629a,13,MALE,4.18
0004aab6-96a3-488e-be49-80cac296bb80,6c6def20-7e38-499c-b02b-0a8eec1d9dc0,13,FEMALE,2.97
6fba51de-189c-48ba-898b-09f9f51c116e,6c6def20-7e38-499c-b02b-0a8eec1d9dc0,13,MALE,3.56
150f671b-d328-4e9b-8f90-e0792d8cedbe,f5593915-51c1-4da9-8fca-68ee614095ba,17,MALE,4.0
039e3a4e-abbc-48ea-b9c3-7a55c05f38bb,6c6def20-7e38-499c-b02b-0a8eec1d9dc0,3,FEMALE,3.93
197641ad-7114-4c89-9841-aba0fb31a30f,b9aa36eb-28bf-4194-8067-a5acfe711d35,7,MALE,3.37
c1353ab5-fe48-4d44-80e6-07b127b74211,b66e0c1b-1937-4e6e-aee2-65b89da8da21,3,MALE,4.95
9c12b66a-801d-4eb2-9610-97bf1cebbd14,e5d5782d-c340-4247-ad2a-2d4afd7416bc,3,MALE,3.9
5b0ef1e6-fea6-4ad4-bc6f-aa284f385f8a,27791a38-0fa3-4311-87c9-09e621f02677,13,MALE,4.78
292f0771-7948-4e3f-a549-0d1212400f8b,b9aa36eb-28bf-4194-8067-a5acfe711d35,7,MALE,3.59
0ef3f039-ba09-414b-8fb7-329deac3946c,95d534e8-2fb8-41d0-abc9-37c05d42f43c,13,MALE,2.84
6e3d0642-a22d-4756-b275-b1682fb2ec1e,27791a38-0fa3-4311-87c9-09e621f02677,7,MALE,2.68
d1c1ed97-500a-4ba5-b764-1ea890ca10a8,b9aa36eb-28bf-4194-8067-a5acfe711d35,13,MALE,3.95
cc22aa0e-f525-45fa-a3ad-5aa85b8a2321,09d4be46-f2cd-497f-a34e-59037e71629a,7,MALE,4.93
92239ac6-e29b-4340-ad06-dd0e6b588ac3,27791a38-0fa3-4311-87c9-09e621f02677,7,FEMALE,4.73
24aa56d1-2622-4920-98fa-a8faf41f112e,e5d5782d-c340-4247-ad2a-2d4afd7416bc,3,MALE,3.64
2f737208-13ae-4005-a8bb-9bb9984f4712,b9aa36eb-28bf-4194-8067-a5acfe711d35,7,MALE,3.61
718876fd-12f6-41df-a8e8-ca5095ba92bc,b9aa36eb-28bf-4194-8067-a5acfe711d35,18,MALE,2.97
8251b13e-adee-4e33-bb24-08d300b1cf01,b9aa36eb-28bf-4194-8067-a5acfe711d35,7,MALE,4.95
e6e28c7e-e1f5-4982-bc6d-d0c4b3502291,b66e0c1b-1937-4e6e-aee2-65b89da8da21,13,FEMALE,3.31
f5bc3c39-9906-4ef2-972e-c163498515be,27791a38-0fa3-4311-87c9-09e621f02677,7,FEMALE,4.89
755ce25b-c2de-4b2a-9293-898f92972d01,95d534e8-2fb8-41d0-abc9-37c05d42f43c,3,MALE,3.61
1428a5a0-de8a-495f-83bd-cbe4399ed3b0,b66e0c1b-1937-4e6e-aee2-65b89da8da21,3,MALE,3.52
4b2e2426-44b4-410b-a074-e699ecb62ccf,e5d5782d-c340-4247-ad2a-2d4afd7416bc,7,MALE,2.61
92b759a2-c2ee-4ea7-a952-b34d70f73228,b66e0c1b-1937-4e6e-aee2-65b89da8da21,7,MALE,4.45
5d7424b3-17d3-42aa-bef5-263503f3c928,b66e0c1b-1937-4e6e-aee2-65b89da8da21,18,MALE,4.84
9a6724b0-59b8-44aa-958a-6f72798e410f,f5593915-51c1-4da9-8fca-68ee614095ba,13,MALE,2.9
9c1842b7-f02b-4de6-a66a-c55dc1cbf5ab,b66e0c1b-1937-4e6e-aee2-65b89da8da21,7,FEMALE,3.67
7404191b-a6b2-41a7-9d29-8cc455b0a9fb,27791a38-0fa3-4311-87c9-09e621f02677,13,MALE,4.73
ea26ffb4-4aae-4db2-a24d-e5100f389593,b9aa36eb-28bf-4194-8067-a5acfe711d35,17,MALE,2.98
1ca19137-204c-4e93-b662-9f69c4cf2d44,e5d5782d-c340-4247-ad2a-2d4afd7416bc,18,MALE,4.98
0beec5fd-9279-4a27-a955-f9dedae3d70d,b9aa36eb-28bf-4194-8067-a5acfe711d35,13,MALE,2.85
1d9137b6-7308-4d1b-bdf7-6e462a2714db,27791a38-0fa3-4311-87c9-09e621f02677,7,FEMALE,4.92
e46c68d2-6a25-4d8a-9621-2b20ced3ccce,f5593915-51c1-4da9-8fca-68ee614095ba,13,MALE,3.92
bde87496-4195-4595-b3e9-b11ac36d43c5,b9aa36eb-28bf-4194-8067-a5acfe711d35,7,MALE,2.87
a47c45e3-2595-483a-8d84-8e83977b1c47,b66e0c1b-1937-4e6e-aee2-65b89da8da21,13,FEMALE,2.77
f25fd1c5-0c53-4724-b919-c26345cdd6a0,e5d5782d-c340-4247-ad2a-2d4afd7416bc,13,MALE,3.62
8ef73f61-0daa-4fa5-a524-519e834212d5,6c6def20-7e38-499c-b02b-0a8eec1d9dc0,3,FEMALE,4.14
00a078a1-dffc-4bf4-9db7-fa8c32a03bb8,95d534e8-2fb8-41d0-abc9-37c05d42f43c,7,MALE,4.17
23f6fe55-490d-4ce9-ba80-6d53af47ccc2,b66e0c1b-1937-4e6e-aee2-65b89da8da21,3,MALE,4.18
8f1f5052-be19-449c-9bd4-21154c0b8ca9,b66e0c1b-1937-4e6e-aee2-65b89da8da21,7,FEMALE,3.71
9e8928c6-c1f7-4163-8822-88e4b9ec11db,27791a38-0fa3-4311-87c9-09e621f02677,18,FEMALE,2.67
ee519839-fa45-4178-a0f8-cb1cb1c25706,6c6def20-7e38-499c-b02b-0a8eec1d9dc0,7,MALE,4.4
9d0defdc-fb73-4a51-a072-2a634632bf60,95d534e8-2fb8-41d0-abc9-37c05d42f43c,7,MALE,3.59
c361cd87-ad53-4fe8-ba15-7c7faa6053e8,b9aa36eb-28bf-4194-8067-a5acfe711d35,3,MALE,4.08
f275e984-33cb-4650-92c0-3913141cdfb2,b66e0c1b-1937-4e6e-aee2-65b89da8da21,13,FEMALE,3.3
85104465-3114-4d13-a00c-2239b626a700,b66e0c1b-1937-4e6e-aee2-65b89da8da21,3,FEMALE,3.9
45cbcaba-dfe2-49af-8a26-eb1a7bc60c96,0f6dfd32-de57-4241-a71a-8ade7ca395f6,7,MALE,4.08
171c41e6-d139-43f1-8dc5-66af05dfc7f9,6c6def20-7e38-499c-b02b-0a8eec1d9dc0,7,MALE,3.87
1b09940f-c10c-4c4d-9d5c-c5b8b24c9868,0f6dfd32-de57-4241-a71a-8ade7ca395f6,17,MALE,3.04
b92755da-88c3-40ac-8df0-2febc7649f3f,09d4be46-f2cd-497f-a34e-59037e71629a,3,MALE,3.46
6a1a7528-4809-4e85-ac79-e4bbb6b6d047,27791a38-0fa3-4311-87c9-09e621f02677,3,FEMALE,3.89
fa670ea5-8602-4cae-b095-94672018e9ac,27791a38-0fa3-4311-87c9-09e621f02677,13,FEMALE,4.35
6641351d-9c2a-4971-adea-7436a9f557a2,b66e0c1b-1937-4e6e-aee2-65b89da8da21,13,MALE,3.73
46e5b5b8-f016-4aa8-b980-1ff7d5477b39,0f6dfd32-de57-4241-a71a-8ade7ca395f6,13,MALE,3.49
8048938e-e83c-4570-a2ab-7dc2c550df37,95d534e8-2fb8-41d0-abc9-37c05d42f43c,18,MALE,4.28
b576557a-1479-47bf-83db-bd4d461f04c8,b9aa36eb-28bf-4194-8067-a5acfe711d35,3,FEMALE,4.12
c0d519c9-ad90-490e-a100-fb9aed7d4ff9,95d534e8-2fb8-41d0-abc9-37c05d42f43c,3,MALE,2.69
beca2a62-908f-4d33-8b17-7f851b752303,e5d5782d-c340-4247-ad2a-2d4afd7416bc,7,MALE,2.63
65af8818-6583-4023-92a4-7ad988b325e7,e5d5782d-c340-4247-ad2a-2d4afd7416bc,3,MALE,3.42
234dea7a-bcf3-4e5d-bc5c-130d1b892e33,6c6def20-7e38-499c-b02b-0a8eec1d9dc0,17,MALE,4.37
36590edc-6b78-4b1c-b886-eeba5635aa90,6c6def20-7e38-499c-b02b-0a8eec1d9dc0,3,FEMALE,3.22
e81fbbec-2572-4766-b461-e1f64aed4182,95d534e8-2fb8-41d0-abc9-37c05d42f43c,17,MALE,4.6
8a1bc8b3-5392-4a15-85a7-1ba10e50fcec,f5593915-51c1-4da9-8fca-68ee614095ba,7,FEMALE,4.49
562bb53c-681f-4827-a3b4-a65972f40ccd,f5593915-51c1-4da9-8fca-68ee614095ba,7,MALE,2.7
a52ae6f0-fa05-4d2a-9505-4e8ad53f08b6,95d534e8-2fb8-41d0-abc9-37c05d42f43c,7,FEMALE,3.75
aff55f42-0c34-4477-841d-dfc552e745a7,b9aa36eb-28bf-4194-8067-a5acfe711d35,13,FEMALE,4.34
024ccfb5-2963-44d5-822a-74ad7305dc55,b66e0c1b-1937-4e6e-aee2-65b89da8da21,17,FEMALE,3.08
84716612-c8c8-435e-9c6a-1e44aff3306d,0f6dfd32-de57-4241-a71a-8ade7ca395f6,17,MALE,3.24
b16ffbd1-7a01-4217-8324-3c830cf0ddce,f5593915-51c1-4da9-8fca-68ee614095ba,3,MALE,4.1
e7476525-1ec5-4596-9bf8-fa23f5f5ee11,f5593915-51c1-4da9-8fca-68ee614095ba,7,MALE,3.26
5b84e8ee-11b6-4995-a505-7f57d0838af1,b66e0c1b-1937-4e6e-aee2-65b89da8da21,3,MALE,3.31
171a9c67-3567-4d0a-81ff-f2e4df8cd961,b9aa36eb-28bf-4194-8067-a5acfe711d35,13,MALE,2.5
6f3b4a5d-134b-478f-8e83-dd52e07c66e7,95d534e8-2fb8-41d0-abc9-37c05d42f43c,7,FEMALE,2.74
909f68c0-ddaa-4d8a-af61-ba2b5a0ccf46,95d534e8-2fb8-41d0-abc9-37c05d42f43c,3,FEMALE,2.95
c8ac970d-b09e-45e8-a4f1-e8e0815c020f,27791a38-0fa3-4311-87c9-09e621f02677,7,FEMALE,3.93
a9903097-5498-44dc-ba73-6dfb94d5922b,95d534e8-2fb8-41d0-abc9-37c05d42f43c,7,MALE,2.98
9a3fa3ec-e632-4a7d-9fad-d1db573a6039,6c6def20-7e38-499c-b02b-0a8eec1d9dc0,17,FEMALE,4.49
51c1154c-7892-44cf-a3dd-cf8d8a714f6a,b66e0c1b-1937-4e6e-aee2-65b89da8da21,7,MALE,4.76
e8ac2b58-b023-4210-856d-4e69fd992bce,6c6def20-7e38-499c-b02b-0a8eec1d9dc0,7,FEMALE,3.29
d6fbfbca-4a9f-4c6c-ab30-b1ffe97f37a2,e5d5782d-c340-4247-ad2a-2d4afd7416bc,7,MALE,4.95
2f1f48e8-5c31-4b1f-bdfa-be364aa6ea51,0f6dfd32-de57-4241-a71a-8ade7ca395f6,3,MALE,3.54
b9077b34-a35f-4424-bf39-2068d9938894,f5593915-51c1-4da9-8fca-68ee614095ba,3,MALE,2.72
bab67e9d-b6b4-4e81-8dc3-6f1623c0ff1c,27791a38-0fa3-4311-87c9-09e621f02677,3,FEMALE,3.86
b3e21c57-c6b7-4707-9db2-4ad57c073b43,e5d5782d-c340-4247-ad2a-2d4afd7416bc,3,FEMALE,3.1
377c0164-eb1a-40e7-b024-afdefed22006,95d534e8-2fb8-41d0-abc9-37c05d42f43c,17,FEMALE,4.13
fc4d073c-6a3c-454c-8e53-bfce1039a07a,09d4be46-f2cd-497f-a34e-59037e71629a,18,MALE,3.02
00563f38-a16a-46c6-b4ac-44bb0e52e4c8,27791a38-0fa3-4311-87c9-09e621f02677,3,FEMALE,3.1
2549b031-240b-4519-94c1-073458982af6,6c6def20-7e38-499c-b02b-0a8eec1d9dc0,13,MALE,4.21
a1b78eb1-6677-486c-8aa1-70e6002caf77,b9aa36eb-28bf-4194-8067-a5acfe711d35,7,MALE,2.51
657b4a70-6902-4780-b8f7-78ab8ef87ea9,b9aa36eb-28bf-4194-8067-a5acfe711d35,3,MALE,4.57
6700eff9-e6c3-4b0b-8960-f4c2e0e81799,b66e0c1b-1937-4e6e-aee2-65b89da8da21,7,MALE,4.57
4123c61e-e083-4dd9-8a85-1f8d9c812098,6c6def20-7e38-499c-b02b-0a8eec1d9dc0,7,FEMALE,3.09
c12f4d8d-cbc6-4977-bc17-921fe6997101,b9aa36eb-28bf-4194-8067-a5acfe711d35,3,MALE,3.82
a8b80bc0-4690-4b2a-93af-fb82658a7e99,b66e0c1b-1937-4e6e-aee2-65b89da8da21,3,FEMALE,2.85
758e14e7-7502-44ba-9b69-b57ca72003c8,27791a38-0fa3-4311-87c9-09e621f02677,13,MALE,2.62
c6d6ee30-2737-493e-8d09-baf41cd30ece,e5d5782d-c340-4247-ad2a-2d4afd7416bc,13,MALE,2.66
f48a7625-4893-401a-b997-348be7d2feb5,b9aa36eb-28bf-4194-8067-a5acfe711d35,13,MALE,4.38
fd3a003b-c3ae-4cf1-9f26-afd25b7a9c27,b9aa36eb-28bf-4194-8067-a5acfe711d35,7,FEMALE,3.56
6e8bcb1f-4f77-4104-b3bb-bd29ab5c8095,b66e0c1b-1937-4e6e-aee2-65b89da8da21,3,MALE,3.69
8bcae13f-865b-403f-888f-ff6f9d1fec1d,f5593915-51c1-4da9-8fca-68ee614095ba,7,MALE,3.48
e5e09536-c22c-49d0-9a7b-e8f866127dd4,b66e0c1b-1937-4e6e-aee2-65b89da8da21,13,FEMALE,2.56
8b7e88b3-bdc7-4ca7-b7d1-89937c8db0d0,e5d5782d-c340-4247-ad2a-2d4afd7416bc,13,MALE,4.75
6a9d8c05-e351-4f0f-86dd-26204c952d2c,0f6dfd32-de57-4241-a71a-8ade7ca395f6,13,MALE,4.2
57a73855-4474-4a41-a6f7-a051b1e2d2ff,27791a38-0fa3-4311-87c9-09e621f02677,17,FEMALE,4.7
bf58d10a-6373-42e8-aa22-4c49dbc635b0,6c6def20-7e38-499c-b02b-0a8eec1d9dc0,7,FEMALE,4.92
12c697ec-32ef-4078-b6cd-41e755678a3b,6c6def20-7e38-499c-b02b-0a8eec1d9dc0,3,FEMALE,3.74
33c556dd-5a73-4f8f-b422-5cb132653940,f5593915-51c1-4da9-8fca-68ee614095ba,13,MALE,3.02
84b04e6e-5bb9-428e-a851-98324ede58ac,b66e0c1b-1937-4e6e-aee2-65b89da8da21,13,FEMALE,4.22
aa112eb5-f00e-49dc-a882-780f081d1590,6c6def20-7e38-499c-b02b-0a8eec1d9dc0,7,MALE,3.94
9ef75a8c-c1a6-4931-92fe-82538427785e,09d4be46-f2cd-497f-a34e-59037e71629a,7,MALE,4.11
7700f999-de47-4fb9-ab2c-4da05c254d0c,27791a38-0fa3-4311-87c9-09e621f02677,7,FEMALE,4.35
48399f06-71e1-4591-91f7-4dc9afe0c697,95d534e8-2fb8-41d0-abc9-37c05d42f43c,18,FEMALE,4.03
9914b85e-7cf5-42f8-9cad-1d6fdcb03010,09d4be46-f2cd-497f-a34e-59037e71629a,13,MALE,3.31
788331ba-d205-474a-8375-6a7ddf4dc318,6c6def20-7e38-499c-b02b-0a8eec1d9dc0,13,MALE,4.19
fb86db43-5a0e-4bb0-b56a-f85209934880,e5d5782d-c340-4247-ad2a-2d4afd7416bc,7,FEMALE,4.53
13074cc4-c3c0-4e1c-aabf-90e03dea6bd8,b66e0c1b-1937-4e6e-aee2-65b89da8da21,13,MALE,4.17
4593fd99-3bc6-4aa6-aec1-2a47aeb91e12,09d4be46-f2cd-497f-a34e-59037e71629a,13,MALE,2.84
fe18da75-251d-45e4-8b7a-5f3d16e0f31f,e5d5782d-c340-4247-ad2a-2d4afd7416bc,7,MALE,4.41
941011a3-1edd-4314-a086-1bec39ed646b,6c6def20-7e38-499c-b02b-0a8eec1d9dc0,3,FEMALE,3.12
d4b0e1de-83c6-4b08-8ee3-1260d6cdce3e,e5d5782d-c340-4247-ad2a-2d4afd7416bc,13,MALE,3.0
f2e7b2e0-a0b8-4a6c-a681-e086bca49bc7,0f6dfd32-de57-4241-a71a-8ade7ca395f6,3,MALE,3.49
08a544d5-4631-4126-afd7-aadc6e5182b2,27791a38-0fa3-4311-87c9-09e621f02677,3,MALE,3.79
54f4ff66-1816-4150-b826-37826b8d7a49,e5d5782d-c340-4247-ad2a-2d4afd7416bc,3,MALE,3.72
a3bae1bf-0f82-414f-abb1-03274e570cf6,e5d5782d-c340-4247-ad2a-2d4afd7416bc,7,MALE,3.55
7af5b7d2-cea3-444a-b689-760a3c4bbfd9,95d534e8-2fb8-41d0-abc9-37c05d42f43c,7,MALE,2.57
48c781bd-2369-4c0f-8519-cbc5d87fc79e,27791a38-0fa3-4311-87c9-09e621f02677,7,FEMALE,4.45
74b34dff-578e-4064-a936-e8592c58a818,95d534e8-2fb8-41d0-abc9-37c05d42f43c,3,MALE,3.02
d6d31319-dd64-4448-be92-e4f70e46c275,b9aa36eb-28bf-4194-8067-a5acfe711d35,17,MALE,4.43
